autor,anio_muerte,nacionalidad,verificado,fuente_fecha
Abraham Valdelomar,1919,PE,no,"precargado, sin verificar"
Agencia Nacional de Investigación y Desarrollo (Chile),,,,
Alberto Blest Gana,1920,CL,si,confirmado por Rocío
Alberto del Solar,1921,CL,si,confirmado por Rocío (criterio conservador)
Alcide d'Orbigny,,,,
Alfonsina Storni,1938,AR,no,"precargado, sin verificar"
Almafuerte,1917,AR,no,"precargado, sin verificar"
Alonso de Ercilla,,,,
Amado Nervo,1919,MX,no,"precargado, sin verificar"
Andrés Bello,,,,
Antonella Reveco Spalloni,,,,
Antonio Machado,1939,ES,si,confirmado por Rocío
Arturo Ambrogi,1936,SV,si,confirmado por Rocío
Asociación de Bibliotecas Nacionales de Iberoamérica,,,,
Baldomero Lillo,1923,CL,si,confirmado por Rocío (criterio conservador)
Bartolomé Mitre,1906,AR,si,confirmado por Rocío
Benito Pérez Galdós,1920,ES,si,confirmado por Rocío
Bernal Díaz del Castillo,,,,
Biblioteca Nacional de Chile,,,,
Biblioteca Nacional de España,,,,
CAICYT-CONICET,,,,
Carlos Alberto Leumann,1952,AR,si,confirmado por Rocío
Carlos Gagini,1925,CR,si,confirmado por Rocío (criterio conservador)
Carlos María Ocantos,1949,AR,si,confirmado por Rocío
Carlos Octavio Bunge,1918,AR,si,confirmado por Rocío (criterio conservador)
Carlos Reyles,1938,UY,si,confirmado por Rocío
"Carmen Smith de Espinosa (Smith Canales, Carmen)",,,,
Carmen de Burgos,1932,ES,no,"precargado, sin verificar"
Cayetano Coll y Toste,1930,PR,si,confirmado por Rocío
Charles Darwin,1882,GB,no,"precargado, sin verificar"
Cirilo Villaverde,,,,
Clemente Palma,1946,PE,si,confirmado por Rocío
Clorinda Matto de Turner,1909,PE,si,confirmado por Rocío
Concepción Arenal,1893,ES,si,confirmado por Rocío
Consejo Latinoamericano de Ciencias Sociales,,,,
"Consejo Nacional de Humanidades, Ciencias y Tecnologías",,,,
César Vallejo,1938,PE,no,"precargado, sin verificar"
DOAJ,,,,
Daniel Riquelme,1912,CL,si,confirmado por Rocío (criterio conservador)
Delmira Agustini,1914,UY,no,"precargado, sin verificar"
Domingo Arena,1939,UY,si,confirmado por Rocío
Domingo F. Sarmiento,,,,
Domingo Faustino Sarmiento,,,,
Edgar Allan Poe,,,,
Eduardo Acevedo Díaz,1921,UY,si,confirmado por Rocío
Eduardo Gutiérrez,1889,AR,si,confirmado por Rocío
Eduardo Ladislao Holmberg,1937,AR,si,confirmado por Rocío
Emilia Pardo Bazán,1921,ES,no,"precargado, sin verificar"
Emilio Bobadilla,1921,FR,si,confirmado por Rocío (criterio conservador)
Emilio Rabasa,1930,MX,si,confirmado por Rocío
Enrique Flores Álvarez,,,,
Estanislao del Campo,1880,AR,si,confirmado por Rocío
Esteban Echeverría,1851,AR,si,confirmado por Rocío
Eugenio Cambaceres,1889,AR,si,confirmado por Rocío
Eugenio María de Hostos,1903,PR,si,confirmado por Rocío
"Eusebio Lillo Robles (versos), Bernardo de Vera y Pintado (coro)",,,,
Federico Gana,1926,CL,si,confirmado por Rocío
Federico García Lorca,1936,ES,no,"precargado, sin verificar"
Fernán Caballero,1877,ES,si,confirmado por Rocío
Florencio Varela,1848,AR,si,confirmado por Rocío
Francisco Calcagno,1903,CU,si,confirmado por Rocío
Francisco Campos Coello,1916,EC,si,confirmado por Rocío (criterio conservador)
Francisco Javier Alegre,1788,MX,si,confirmado por Rocío
Francisco Pascasio Moreno,1919,AR,si,confirmado por Rocío (criterio conservador)
Francisco del Valle Atiles,1928,PR,si,confirmado por Rocío
François Chaussier,,,,
Friedrich Wilhelm Ristenpart,,,,
Félix José de Augusta,1935,DE,si,confirmado por Rocío
Gertrudis Gómez de Avellaneda,1873,ES,si,confirmado por Rocío
Guillermo Prieto,1897,MX,si,confirmado por Rocío
Gustavo Adolfo Bécquer,1870,ES,si,confirmado por Rocío
Gustavo Sánchez Galarraga,1936,CU,no,"precargado, sin verificar"
Horacio Quiroga,1937,UY,no,"precargado, sin verificar"
Ignacio Manuel Altamirano,1893,MX,si,confirmado por Rocío
Inca Garcilaso de la Vega,1616,PE,si,confirmado por Rocío
Ireneo Paz,1924,MX,si,confirmado por Rocío (criterio conservador)
Javier de Viana,1926,UY,no,"precargado, sin verificar"
Joaquín Díaz Garcés,1921,CL,si,confirmado por Rocío (criterio conservador)
Jorge Isaacs,1895,CO,si,confirmado por Rocío
Josef Ribes y Manuel Bonafós,,,,
José Alonso y Trelles,1924,ES,si,confirmado por Rocío (criterio conservador)
José Asunción Silva,1896,CO,si,confirmado por Rocío
José Enrique Rodó,1917,UY,si,confirmado por Rocío (criterio conservador)
José Eustasio Rivera,1928,CO,no,"precargado, sin verificar"
José Hernández,1886,AR,si,confirmado por Rocío
José Ingenieros,1925,AR,si,confirmado por Rocío (criterio conservador)
José Joaquín Fernández de Lizardi,,,,
José Martí,1895,CU,si,confirmado por Rocío
José María Roa Bárcena,1908,MX,si,confirmado por Rocío
José María Vargas Vila,1933,CO,si,confirmado por Rocío
José Mármol,1871,AR,si,confirmado por Rocío
José Pedro Bellán,1930,UY,no,"precargado, sin verificar"
José Seferino Álvarez «Fray Mocho»,1903,AR,no,"precargado, sin verificar"
José Tomás de Cuéllar,1894,MX,si,confirmado por Rocío
José Victorino Lastarria,1888,CL,si,confirmado por Rocío
José de la Cuadra,1941,EC,si,confirmado por Rocío
Juan Antonio Argerich,1940,AR,si,confirmado por Rocío (criterio conservador)
Juan Antonio Mateos,1913,MX,si,confirmado por Rocío (criterio conservador)
Juan Bautista Alberdi,,,,
Juan Cortada,1868,ES,si,confirmado por Rocío
Juan Díaz Covarrubias,1859,MX,si,confirmado por Rocío
Juan León Mera,,,,
Juan Montalvo,1889,EC,si,confirmado por Rocío
Juan Ruiz de Alarcón,1639,ES,si,confirmado por Rocío
Juan Valera,1905,ES,si,confirmado por Rocío
Juan de Betanzos,,,,
Juana Manuela Gorriti,1892,AR,si,confirmado por Rocío
LA Referencia,,,,
Laura Méndez de Cuenca,1928,MX,si,confirmado por Rocío
"Leopoldo Alas ""Clarín""",1901,ES,si,confirmado por Rocío
Leopoldo Lugones,1938,AR,no,"precargado, sin verificar"
Lucio V. Mansilla,1913,FR,si,confirmado por Rocío (criterio conservador)
Lucio Vicente López,1894,AR,si,confirmado por Rocío
Luis Benjamín Cisneros,1904,PE,si,confirmado por Rocío
Luis Bonafoux Quintero,1918,ES,si,confirmado por Rocío (criterio conservador)
Luis G. Urbina,1934,MX,no,"precargado, sin verificar"
Manuel A. Alonso,1889,PR,si,confirmado por Rocío
Manuel Díaz Rodríguez,1927,VE,si,confirmado por Rocío
Manuel Eduardo de Gorostiza,,,,
Manuel Fernández Juncos,1928,PR,si,confirmado por Rocío
Manuel González Zeledón,1936,CR,si,confirmado por Rocío
Manuel Gutiérrez Nájera,1895,MX,si,confirmado por Rocío
Manuel Manquilef,1950,CL,si,confirmado por Rocío
Manuel Payno,1894,MX,si,confirmado por Rocío
Martín García Mérou,1905,AR,si,confirmado por Rocío
Martín del Barco Centenera,,,,
María de Zayas y Sotomayor,,,,
Miguel Cané,1905,AR,si,confirmado por Rocío
Miguel de Cervantes,1616,ES,no,"precargado, sin verificar"
Miguel de Cervantes Saavedra,,,,
Miguel de Unamuno,1936,ES,no,"precargado, sin verificar"
"Ministerio de Ciencia, Tecnología e Innovación",,,,
Ministerio de Educación de Chile (MINEDUC),,,,
Nicolás Anrique R.,,,,
OpenStax,,,,
Pablo Palacio,1947,EC,no,"precargado, sin verificar"
Paul Groussac,1929,FR,si,confirmado por Rocío
Pedro Antonio de Alarcón,1891,ES,si,confirmado por Rocío
Pedro Cieza de León,,,,
Pedro José Guiteras,1890,CU,si,confirmado por Rocío
Pedro Lautaro Ferrer,1937,CL,si,confirmado por Rocío
"Programa de Información Científica, ANID",,,,
Rafael Barrett,1910,ES,si,confirmado por Rocío
Rafael Delgado,1914,MX,si,confirmado por Rocío (criterio conservador)
Ramón A. Laval,1929,CL,no,"precargado, sin verificar"
Ramón María del Valle-Inclán,1936,ES,no,"precargado, sin verificar"
Red SciELO,,,,
Reginaldo de Lizárraga,,,,
Ricardo Güiraldes,1927,AR,no,"precargado, sin verificar"
Ricardo Palma,1919,PE,si,confirmado por Rocío
Roberto Arlt,1942,AR,no,"precargado, sin verificar"
Roberto Payró,1928,AR,si,confirmado por Rocío
Rodolfo Amando Philippi,,,,
Roque Gálvez y Encinar,1940,ES,si,confirmado por Rocío
Rosa Guerra,1864,AR,si,confirmado por Rocío
Rosalía de Castro,1885,ES,si,confirmado por Rocío
Rubén Darío,1916,NI,si,confirmado por Rocío
Rufino Blanco Fombona,1944,VE,si,confirmado por Rocío
Salvador Brau,1912,PR,si,confirmado por Rocío (criterio conservador)
"Samuel J. Ling, Jeff Sanny, William Moebs (OpenStax)",,,,
Santiago Ramón y Cajal,1934,ES,no,"precargado, sin verificar"
Secretaría de Educación Pública (SEP) / CONALITEG,,,,
Sociedad Médica de Santiago,,,,
Sociedad de Biología de Chile,,,,
Soledad Acosta de Samper,1913,CO,si,confirmado por Rocío (criterio conservador)
Sor Juana Inés de la Cruz,,,,
Teresa Wilms Montt,1921,CL,no,"precargado, sin verificar"
Teresa de la Parra,1936,VE,no,"precargado, sin verificar"
Thomas Falkner,,,,
Tomás Carrasquilla,1940,CO,si,confirmado por Rocío
UNESCO y Biblioteca del Congreso,,,,
Universidad Autónoma del Estado de México,,,,
Universidad Nacional Autónoma de México,,,,
Universidad Nacional de Colombia,,,,
"Universidad Nacional de Colombia, Facultad de Ciencias",,,,
Universidad de Chile,,,,
Vicente Blasco Ibáñez,1928,ES,no,"precargado, sin verificar"
Vicente Huidobro,1948,CL,no,"precargado, sin verificar"
Vicente Pérez Rosales,,,,
Vicente Riva Palacio,1896,MX,si,confirmado por Rocío
Xavier Villaurrutia,1950,MX,si,confirmado por Rocío
