id,titulo,autor,anio,protegida_en,motivos
1,Don Quijote de la Mancha,Miguel de Cervantes,1605,,año de muerte sin verificar
2,El Gaucho Martín Fierro,José Hernández,1872,,falta año de muerte del autor
3,Rimas,Gustavo Adolfo Bécquer,1871,,falta año de muerte del autor
4,La Regenta,"Leopoldo Alas ""Clarín""",1884,,falta año de muerte del autor
5,Fortunata y Jacinta,Benito Pérez Galdós,1887,,falta año de muerte del autor
7,María,Jorge Isaacs,1867,,falta año de muerte del autor
8,Cecilia Valdés,Cirilo Villaverde,1882,,falta año de muerte del autor
9,El Matadero,Esteban Echeverría,1871,,falta año de muerte del autor
10,Cuentos de amor de locura y de muerte,Horacio Quiroga,1917,MX(hasta 2037),año de muerte sin verificar
11,Romancero gitano,Federico García Lorca,1928,MX(hasta 2036),año de muerte sin verificar
12,Bodas de sangre,Federico García Lorca,1932,MX(hasta 2036),año de muerte sin verificar
14,Azul...,Rubén Darío,1888,,falta año de muerte del autor
15,Versos sencillos,José Martí,1891,,falta año de muerte del autor
16,Tradiciones peruanas (primera serie),Ricardo Palma,1872,,falta año de muerte del autor
17,Cuentos de la selva,Horacio Quiroga,1918,MX(hasta 2037),año de muerte sin verificar
18,Poesías,Delmira Agustini,1913,,año de muerte sin verificar
20,Los pazos de Ulloa,Emilia Pardo Bazán,1886,,año de muerte sin verificar
22,Niebla,Miguel de Unamuno,1914,MX(hasta 2036),año de muerte sin verificar
23,Soledades,Antonio Machado,1903,,falta año de muerte del autor
24,Cuentos frágiles,Manuel Gutiérrez Nájera,1883,,falta año de muerte del autor
100,"Física universitaria, volumen 1","Samuel J. Ling, Jeff Sanny, William Moebs (OpenStax)",2016,,no es dominio público sino 'Libre acceso (CC BY 4.0)': revisar licencia y atribución | falta año de muerte del autor
101,"Física universitaria, volumen 2","Samuel J. Ling, Jeff Sanny, William Moebs (OpenStax)",2016,,no es dominio público sino 'Libre acceso (CC BY 4.0)': revisar licencia y atribución | falta año de muerte del autor
102,"Física universitaria, volumen 3","Samuel J. Ling, Jeff Sanny, William Moebs (OpenStax)",2016,,no es dominio público sino 'Libre acceso (CC BY 4.0)': revisar licencia y atribución | falta año de muerte del autor
103,Química 2ed,OpenStax,2019,,no es dominio público sino 'Libre acceso (CC BY 4.0)': revisar licencia y atribución | falta año de muerte del autor
104,Cálculo (OpenStax),OpenStax,2016,,no es dominio público sino 'Libre acceso (CC BY 4.0)': revisar licencia y atribución | falta año de muerte del autor
105,Conceptos en Biología (OpenStax),OpenStax,2018,,no es dominio público sino 'Libre acceso (CC BY 4.0)': revisar licencia y atribución | falta año de muerte del autor
106,"Química General (OpenStax, vía LibreTexts español)",OpenStax,2019,,no es dominio público sino 'Libre acceso (CC BY 4.0)': revisar licencia y atribución | falta año de muerte del autor
107,Revista Chilena de Historia Natural,Sociedad de Biología de Chile,2020,,no es dominio público sino 'Acceso abierto (verificar licencia por artículo)': revisar licencia y atribución | falta año de muerte del autor
108,Revista Médica de Chile,Sociedad Médica de Santiago,2020,,no es dominio público sino 'Acceso abierto (verificar licencia por artículo)': revisar licencia y atribución | falta año de muerte del autor
109,Repositorio ANID — acceso abierto,Agencia Nacional de Investigación y Desarrollo (Chile),2022,,no es dominio público sino 'Acceso abierto por mandato legal': revisar licencia y atribución | falta año de muerte del autor
200,Leo Primero,Ministerio de Educación de Chile (MINEDUC),2023,,no es dominio público sino 'Descarga liberada para la ciudadanía': revisar licencia y atribución | falta año de muerte del autor
201,Sumo Primero,Ministerio de Educación de Chile (MINEDUC),2023,,no es dominio público sino 'Descarga liberada para la ciudadanía': revisar licencia y atribución | falta año de muerte del autor
202,Martín Rivas,Alberto Blest Gana,1862,,falta año de muerte del autor
203,Sub terra,Baldomero Lillo,1917,,falta año de muerte del autor
208,Recuerdos del pasado,Vicente Pérez Rosales,1886,,falta año de muerte del autor
209,Ifigenia,Teresa de la Parra,1924,MX(hasta 2036),año de muerte sin verificar
210,Cumandá,Juan León Mera,1879,,falta año de muerte del autor
211,Siete tratados,Juan Montalvo,1882,,falta año de muerte del autor
212,English First,Ministerio de Educación de Chile (MINEDUC),2023,,no es dominio público sino 'Descarga liberada para la ciudadanía': revisar licencia y atribución | falta año de muerte del autor
213,Juego Primero,Ministerio de Educación de Chile (MINEDUC),2023,,no es dominio público sino 'Descarga liberada para la ciudadanía': revisar licencia y atribución | falta año de muerte del autor
214,Narraciones Extraordinarias,Edgar Allan Poe,1908,,no es dominio público sino 'Biblioteca de descarga liberada (MINEDUC)': revisar licencia y atribución | falta año de muerte del autor
215,Malena,Antonella Reveco Spalloni,2020,,no es dominio público sino 'Biblioteca de descarga liberada (MINEDUC)': revisar licencia y atribución | falta año de muerte del autor
216,Historia de la aviación en Chile,Enrique Flores Álvarez,1930,,no es dominio público sino 'Biblioteca de descarga liberada (MINEDUC)': revisar licencia y atribución | falta año de muerte del autor
217,Ensayo de una bibliografía dramática chilena,Nicolás Anrique R.,1899,,no es dominio público sino 'Biblioteca de descarga liberada (MINEDUC)': revisar licencia y atribución | falta año de muerte del autor
218,Mis memorias,"Carmen Smith de Espinosa (Smith Canales, Carmen)",1936,,falta año de muerte del autor
219,Clases de astronomía: profesadas en la Universidad de Santiago de Chile,Friedrich Wilhelm Ristenpart,1912,,falta año de muerte del autor
220,Peces nuevos de Chile,Rodolfo Amando Philippi,1896,,falta año de muerte del autor
221,Viage al Desierto de Atacama: hecho de orden del gobierno de Chile en el verano 1853-54,Rodolfo Amando Philippi,1860,,falta año de muerte del autor
222,El origen de las especies por medio de la selección natural,Charles Darwin,1921,,año de muerte sin verificar | edición de 1921 es 39 años posterior a la muerte del autor: posible traducción/prólogo/edición crítica con derechos propios
223,Jeolojía de la América Meridional,Charles Darwin,1906,,año de muerte sin verificar | edición de 1906 es 24 años posterior a la muerte del autor: posible traducción/prólogo/edición crítica con derechos propios
224,Viaje de un naturalista alrededor del mundo,Charles Darwin,1945,,año de muerte sin verificar | edición de 1945 es 63 años posterior a la muerte del autor: posible traducción/prólogo/edición crítica con derechos propios
225,Revista Colombiana de Química,"Universidad Nacional de Colombia, Facultad de Ciencias",1971,,no es dominio público sino 'Acceso abierto (CC BY 3.0)': revisar licencia y atribución | falta año de muerte del autor
227,Los heraldos negros,César Vallejo,1918,MX(hasta 2038),año de muerte sin verificar
228,Los Astros del Abismo,Delmira Agustini,1924,,año de muerte sin verificar
229,Antología,Delmira Agustini,1965,,año de muerte sin verificar | edición de 1965 es 51 años posterior a la muerte del autor: posible traducción/prólogo/edición crítica con derechos propios
230,Languidez: versos,Alfonsina Storni,1920,MX(hasta 2038),año de muerte sin verificar
231,El dulce daño,Alfonsina Storni,1918,MX(hasta 2038),año de muerte sin verificar
232,Poemas de amor,Alfonsina Storni,1926,MX(hasta 2038),año de muerte sin verificar
234,Sangre y arena,Vicente Blasco Ibáñez,1908,MX(hasta 2028),año de muerte sin verificar
235,La reina Calafia,Vicente Blasco Ibáñez,1923,MX(hasta 2028),año de muerte sin verificar
236,Los cuatro jinetes del Apocalipsis,Vicente Blasco Ibáñez,1919,MX(hasta 2028),año de muerte sin verificar
237,Argentina y sus grandezas,Vicente Blasco Ibáñez,1910,MX(hasta 2028),año de muerte sin verificar
238,El intruso,Vicente Blasco Ibáñez,1924,MX(hasta 2028),año de muerte sin verificar
240,El militarismo mejicano,Vicente Blasco Ibáñez,1920,MX(hasta 2028),año de muerte sin verificar
241,La catedral,Vicente Blasco Ibáñez,1916,MX(hasta 2028),año de muerte sin verificar
242,Cartografía de México y el mundo,Secretaría de Educación Pública (SEP) / CONALITEG,2025,,no es dominio público sino 'Distribución gratuita nacional': revisar licencia y atribución | falta año de muerte del autor
243,Historia del pueblo mexicano,Secretaría de Educación Pública (SEP) / CONALITEG,2025,,no es dominio público sino 'Distribución gratuita nacional': revisar licencia y atribución | falta año de muerte del autor
244,Colección Ximhai. Saberes y pensamiento científico,Secretaría de Educación Pública (SEP) / CONALITEG,2025,,no es dominio público sino 'Distribución gratuita nacional': revisar licencia y atribución | falta año de muerte del autor
246,Sub sole,Baldomero Lillo,1907,,falta año de muerte del autor
247,El Loco Estero,Alberto Blest Gana,1909,,falta año de muerte del autor
248,Mariluán,Alberto Blest Gana,1862,,falta año de muerte del autor
249,Gladys Fairfield,Alberto Blest Gana,1912,,falta año de muerte del autor
250,La Venganza,Alberto Blest Gana,1861,,falta año de muerte del autor
251,Un Día de Campo,Alberto Blest Gana,1859,,falta año de muerte del autor
252,Bajo la Tienda,Daniel Riquelme,1896,,falta año de muerte del autor
253,Días de Campo,Federico Gana,1916,,falta año de muerte del autor
254,Antaño i Hogaño,José Victorino Lastarria,1885,,falta año de muerte del autor
255,Cuentos completos,Baldomero Lillo,1904-1923,,falta año de muerte del autor
257,Cuentos,Joaquín Díaz Garcés,1894,,falta año de muerte del autor
258,Campos de Castilla,Antonio Machado,1912,,falta año de muerte del autor
259,Cantos de Vida y Esperanza,Rubén Darío,1905,,falta año de muerte del autor
261,Capítulos que se le Olvidaron a Cervantes,Juan Montalvo,1895,,falta año de muerte del autor
262,El Tungsteno,César Vallejo,1931,MX(hasta 2038),año de muerte sin verificar
263,Paco Yunque,César Vallejo,1931,MX(hasta 2038),año de muerte sin verificar
264,Abel Sánchez,Miguel de Unamuno,1917,MX(hasta 2036),año de muerte sin verificar
265,Cuentos Morales,"Leopoldo Alas ""Clarín""",1896,,falta año de muerte del autor
266,Tradiciones peruanas (segunda serie),Ricardo Palma,1874,,falta año de muerte del autor
267,Tradiciones peruanas (tercera serie),Ricardo Palma,1875,,falta año de muerte del autor
269,La Madre Naturaleza,Emilia Pardo Bazán,1887,,año de muerte sin verificar
270,La Quimera,Emilia Pardo Bazán,1905,,año de muerte sin verificar
268,La Tribuna,Emilia Pardo Bazán,1883,,año de muerte sin verificar
271,Arroz y Tartana,Vicente Blasco Ibáñez,1894,MX(hasta 2028),año de muerte sin verificar
274,La Bodega,Vicente Blasco Ibáñez,1905,MX(hasta 2028),año de muerte sin verificar
273,Cañas y Barro,Vicente Blasco Ibáñez,1902,MX(hasta 2028),año de muerte sin verificar
275,La Horda,Vicente Blasco Ibáñez,1905,MX(hasta 2028),año de muerte sin verificar
276,La Maja Desnuda,Vicente Blasco Ibáñez,1906,MX(hasta 2028),año de muerte sin verificar
277,Mare Nostrum,Vicente Blasco Ibáñez,1918,MX(hasta 2028),año de muerte sin verificar
272,Entre Naranjos,Vicente Blasco Ibáñez,1900,MX(hasta 2028),año de muerte sin verificar
278,El Papa del Mar,Vicente Blasco Ibáñez,1925,MX(hasta 2028),año de muerte sin verificar
280,Amor y Pedagogía,Miguel de Unamuno,1902,MX(hasta 2036),año de muerte sin verificar
281,El Espejo de la Muerte,Miguel de Unamuno,1913,MX(hasta 2036),año de muerte sin verificar
279,Paz en la Guerra,Miguel de Unamuno,1897,MX(hasta 2036),año de muerte sin verificar
282,"San Manuel Bueno, Mártir",Miguel de Unamuno,1931,MX(hasta 2036),año de muerte sin verificar
286,El Canto Errante,Rubén Darío,1907,,falta año de muerte del autor
285,Peregrinaciones,Rubén Darío,1901,,falta año de muerte del autor
284,Prosas Profanas,Rubén Darío,1896,,falta año de muerte del autor
283,Los Raros,Rubén Darío,1896,,falta año de muerte del autor
287,Su Único Hijo,"Leopoldo Alas ""Clarín""",1891,,falta año de muerte del autor
291,Clemencia,Fernán Caballero,1852,,falta año de muerte del autor
292,Aves Sin Nido,Clorinda Matto de Turner,1889,,falta año de muerte del autor
294,La Educación de la Mujer,Concepción Arenal,1892,,falta año de muerte del autor
293,La Mujer del Porvenir,Concepción Arenal,1869,,falta año de muerte del autor
296,La Hija del Mar,Rosalía de Castro,1859,,falta año de muerte del autor
295,En las Orillas del Sar,Rosalía de Castro,1884,,falta año de muerte del autor
297,La Malcasada,Carmen de Burgos,1923,MX(hasta 2032),año de muerte sin verificar
298,La Rampa,Carmen de Burgos,1917,MX(hasta 2032),año de muerte sin verificar
299,Novelas y Cuadros de la Vida Sur-Americana,Soledad Acosta de Samper,1869,,falta año de muerte del autor
307,La gruta del silencio,Vicente Huidobro,1913,MX(hasta 2048),año de muerte sin verificar
308,Altazor,Vicente Huidobro,1931,MX(hasta 2048),año de muerte sin verificar
311,Poemas Árticos,Vicente Huidobro,1918,MX(hasta 2048),año de muerte sin verificar
309,Canciones en la Noche,Vicente Huidobro,1913,MX(hasta 2048),año de muerte sin verificar
310,Ecuatorial,Vicente Huidobro,1918,MX(hasta 2048),año de muerte sin verificar
312,La Vuelta de Martín Fierro,José Hernández,1879,,falta año de muerte del autor
314,Cuentos de Muerte y de Sangre,Ricardo Güiraldes,1915,MX(hasta 2027),año de muerte sin verificar
313,Don Segundo Sombra,Ricardo Güiraldes,1926,MX(hasta 2027),año de muerte sin verificar
315,Xaimaca,Ricardo Güiraldes,1923,MX(hasta 2027),año de muerte sin verificar
316,El Casamiento de Laucha,Roberto Payró,1906,,falta año de muerte del autor
318,Divertidas Aventuras del Nieto de Juan Moreira,Roberto Payró,1910,,falta año de muerte del autor
317,Pago Chico,Roberto Payró,1908,,falta año de muerte del autor
319,Los Bandidos de Río Frío,Manuel Payno,1891,,falta año de muerte del autor
322,Clemencia,Ignacio Manuel Altamirano,1869,,falta año de muerte del autor
323,La Navidad en las Montañas,Ignacio Manuel Altamirano,1871,,falta año de muerte del autor
321,El Zarco,Ignacio Manuel Altamirano,1901,,falta año de muerte del autor
326,La Vorágine,José Eustasio Rivera,1924,MX(hasta 2028),año de muerte sin verificar
328,En la Sangre,Eugenio Cambaceres,1887,,falta año de muerte del autor
327,Sin Rumbo,Eugenio Cambaceres,1885,,falta año de muerte del autor
330,Los Motivos de Proteo,José Enrique Rodó,1909,,falta año de muerte del autor
324,En la Diestra de Dios Padre,Tomás Carrasquilla,1897,,falta año de muerte del autor
325,Simón el Mago,Tomás Carrasquilla,1890,,falta año de muerte del autor
329,Ariel,José Enrique Rodó,1900,,falta año de muerte del autor
336,Autobiografía,Rubén Darío,1912,,falta año de muerte del autor
338,Cabezas,Rubén Darío,1916,,falta año de muerte del autor
337,Historia de mis Libros,Rubén Darío,1916,,falta año de muerte del autor
334,Letras,Rubén Darío,1911,,falta año de muerte del autor
339,El Oro de Mallorca,Rubén Darío,1913,,falta año de muerte del autor
332,Parisiana,Rubén Darío,1907,,falta año de muerte del autor
335,Todo al Vuelo,Rubén Darío,1912,,falta año de muerte del autor
333,Viaje a Nicaragua,Rubén Darío,1909,,falta año de muerte del autor
340,Abdala,José Martí,1869,,falta año de muerte del autor
341,Amistad Funesta,José Martí,1885,,falta año de muerte del autor
342,Amor con Amor se Paga,José Martí,1875,,falta año de muerte del autor
344,Cuentos y Prosas Breves,José Asunción Silva,1896,,falta año de muerte del autor
343,De Sobremesa,José Asunción Silva,1896,,falta año de muerte del autor
345,Gurí y Otras Novelas,Javier de Viana,1901,MX(hasta 2026),año de muerte sin verificar
346,Cuentos,Rafael Barrett,1910,,falta año de muerte del autor
347,Al margen,Rafael Barrett,1912,,falta año de muerte del autor
354,Abrojos,Javier de Viana,1919,MX(hasta 2026),año de muerte sin verificar
351,La Biblia Gaucha,Javier de Viana,1925,MX(hasta 2026),año de muerte sin verificar
352,Campo,Javier de Viana,1896,MX(hasta 2026),año de muerte sin verificar
359,Del Campo y de la Ciudad,Javier de Viana,1921,MX(hasta 2026),año de muerte sin verificar
355,Cardos,Javier de Viana,1919,MX(hasta 2026),año de muerte sin verificar
360,Cuentos dispersos,Javier de Viana,1926,MX(hasta 2026),año de muerte sin verificar
349,Leña Seca,Javier de Viana,1911,MX(hasta 2026),año de muerte sin verificar
350,Macachines,Javier de Viana,1910,MX(hasta 2026),año de muerte sin verificar
356,Paisanas,Javier de Viana,1920,MX(hasta 2026),año de muerte sin verificar
358,"Potros, Toros y Aperiases",Javier de Viana,1922,MX(hasta 2026),año de muerte sin verificar
357,Ranchos,Javier de Viana,1920,MX(hasta 2026),año de muerte sin verificar
348,Tardes del Fogón,Javier de Viana,1925,MX(hasta 2026),año de muerte sin verificar
353,Yuyos,Javier de Viana,1912,MX(hasta 2026),año de muerte sin verificar
370,Historia de un Amor Turbio,Horacio Quiroga,1908,MX(hasta 2037),año de muerte sin verificar
368,Anaconda y Otros Cuentos,Horacio Quiroga,1921,MX(hasta 2037),año de muerte sin verificar
366,De La Vida De Nuestros Animales,Horacio Quiroga,s. f.,MX(hasta 2037),año de muerte sin verificar
361,Los Arrecifes De Coral,Horacio Quiroga,1901,MX(hasta 2037),año de muerte sin verificar
381,Sobre el Arte de Contar Historias,Horacio Quiroga,s. f.,MX(hasta 2037),año de muerte sin verificar
387,Artículos y Crónicas,Horacio Quiroga,1937,MX(hasta 2037),año de muerte sin verificar
371,Biografías Ejemplares,Horacio Quiroga,s. f.,MX(hasta 2037),año de muerte sin verificar
375,Cartas de un Cazador,Horacio Quiroga,s. f.,MX(hasta 2037),año de muerte sin verificar
369,El Crimen del Otro y Otros Cuentos,Horacio Quiroga,1904,MX(hasta 2037),año de muerte sin verificar
382,Cuadrivio Laico,Horacio Quiroga,1904,MX(hasta 2037),año de muerte sin verificar
376,El Desierto y Otros Cuentos,Horacio Quiroga,1924,MX(hasta 2037),año de muerte sin verificar
380,Los Desterrados y Otros Cuentos,Horacio Quiroga,1926,MX(hasta 2037),año de muerte sin verificar
383,Diario De Viaje A París,Horacio Quiroga,s. f.,MX(hasta 2037),año de muerte sin verificar
367,Los Estrenos Cinematográficos,Horacio Quiroga,s. f.,MX(hasta 2037),año de muerte sin verificar
378,Textos Fronterizos,Horacio Quiroga,s. f.,MX(hasta 2037),año de muerte sin verificar
379,Un Idilio,Horacio Quiroga,s. f.,MX(hasta 2037),año de muerte sin verificar
372,Corto poema de María Angélica,Horacio Quiroga,s. f.,MX(hasta 2037),año de muerte sin verificar
377,Más Allá y Otros Cuentos,Horacio Quiroga,1935,MX(hasta 2037),año de muerte sin verificar
388,Cuentos y Prosas no Recogidos en Libro,Horacio Quiroga,1937,MX(hasta 2037),año de muerte sin verificar
365,Pasado Amor,Horacio Quiroga,1929,MX(hasta 2037),año de muerte sin verificar
386,Venida del Primogénito,Horacio Quiroga,s. f.,MX(hasta 2037),año de muerte sin verificar
364,Las Sacrificadas,Horacio Quiroga,1920,MX(hasta 2037),año de muerte sin verificar
363,El Salvaje y Otros Cuentos,Horacio Quiroga,1920,MX(hasta 2037),año de muerte sin verificar
384,El Soldado,Horacio Quiroga,s. f.,MX(hasta 2037),año de muerte sin verificar
362,Suelo Natal,Horacio Quiroga,1931,MX(hasta 2037),año de muerte sin verificar
397,Alucinación,Carmen de Burgos,1905,MX(hasta 2032),año de muerte sin verificar
391,Amadís,Carmen de Burgos,s. f.,MX(hasta 2032),año de muerte sin verificar
394,Los Anticuarios,Carmen de Burgos,1919,MX(hasta 2032),año de muerte sin verificar
398,La Ciudad Encantada,Carmen de Burgos,s. f.,MX(hasta 2032),año de muerte sin verificar
389,Confidencias,Carmen de Burgos,1916,MX(hasta 2032),año de muerte sin verificar
392,Cuentos de Colombine,Carmen de Burgos,s. f.,MX(hasta 2032),año de muerte sin verificar
395,Los Espirituados,Carmen de Burgos,1923,MX(hasta 2032),año de muerte sin verificar
396,Los Inadaptados,Carmen de Burgos,1909,MX(hasta 2032),año de muerte sin verificar
401,La Justicia del Mar,Carmen de Burgos,s. f.,MX(hasta 2032),año de muerte sin verificar
402,Los Míseros,Carmen de Burgos,s. f.,MX(hasta 2032),año de muerte sin verificar
393,La Mujer Fantástica,Carmen de Burgos,1924,MX(hasta 2032),año de muerte sin verificar
399,La Mujer Fría,Carmen de Burgos,s. f.,MX(hasta 2032),año de muerte sin verificar
400,El Perseguidor,Carmen de Burgos,s. f.,MX(hasta 2032),año de muerte sin verificar
403,Puñal de Claveles,Carmen de Burgos,1931,MX(hasta 2032),año de muerte sin verificar
390,Quiero Vivir mi Vida,Carmen de Burgos,1931,MX(hasta 2032),año de muerte sin verificar
404,El Último Deseo,Carmen de Burgos,1916,MX(hasta 2032),año de muerte sin verificar
416,Callar en Vida y Perdonar en Muerte,Fernán Caballero,s. f.,,falta año de muerte del autor
421,La Corruptora y la Buena Maestra,Fernán Caballero,s. f.,,falta año de muerte del autor
417,Cosa Cumplida... Sólo en la Otra Vida,Fernán Caballero,s. f.,,falta año de muerte del autor
422,Cuentos dispersos,Fernán Caballero,s. f.,,falta año de muerte del autor
410,Las Dos Gracias,Fernán Caballero,s. f.,,falta año de muerte del autor
411,La Estrella de Vandalia,Fernán Caballero,1855,,falta año de muerte del autor
407,La Familia de Alvareda,Fernán Caballero,1856,,falta año de muerte del autor
414,La Farisea,Fernán Caballero,s. f.,,falta año de muerte del autor
420,La Flor de las Ruinas,Fernán Caballero,s. f.,,falta año de muerte del autor
419,Justa y Rufina,Fernán Caballero,s. f.,,falta año de muerte del autor
405,La Mitología Contada a los Niños e Historia de los Grandes Hombres de la Grecia,Fernán Caballero,1867,,falta año de muerte del autor
418,No Transige la Conciencia,Fernán Caballero,s. f.,,falta año de muerte del autor
412,¡Pobre Dolores!,Fernán Caballero,s. f.,,falta año de muerte del autor
406,Relaciones,Fernán Caballero,s. f.,,falta año de muerte del autor
415,Un Servilón y un Liberalito,Fernán Caballero,1857,,falta año de muerte del autor
413,Vulgaridad y Nobleza,Fernán Caballero,s. f.,,falta año de muerte del autor
431,Cuentos dispersos,Juana Manuela Gorriti,s. f.,,falta año de muerte del autor
426,Escenas de Lima,Juana Manuela Gorriti,s. f.,,falta año de muerte del autor
429,Feliza,Juana Manuela Gorriti,s. f.,,falta año de muerte del autor
427,El Guante Negro,Juana Manuela Gorriti,s. f.,,falta año de muerte del autor
430,La Hija del Mashorquero,Juana Manuela Gorriti,s. f.,,falta año de muerte del autor
423,Oasis en la Vida,Juana Manuela Gorriti,1888,,falta año de muerte del autor
424,El Pozo del Yocci,Juana Manuela Gorriti,1869,,falta año de muerte del autor
428,Una Visita al Manicomio,Juana Manuela Gorriti,s. f.,,falta año de muerte del autor
435,Un Crimen,Soledad Acosta de Samper,s. f.,,falta año de muerte del autor
434,Mercedes,Soledad Acosta de Samper,s. f.,,falta año de muerte del autor
432,Los Piratas en Cartagena,Soledad Acosta de Samper,1886,,falta año de muerte del autor
433,Teresa la Limeña,Soledad Acosta de Samper,1869,,falta año de muerte del autor
455,Algo de Todo,Juan Valera,s. f.,,falta año de muerte del autor
453,Asclepigenia,Juan Valera,1878,,falta año de muerte del autor
449,La Buena Fama,Juan Valera,s. f.,,falta año de muerte del autor
456,El Caballero de Azor,Juan Valera,s. f.,,falta año de muerte del autor
445,Cartas Americanas,Juan Valera,1889,,falta año de muerte del autor
442,El Comendador Mendoza,Juan Valera,1877,,falta año de muerte del autor
439,Cuentos y Chascarrillos Andaluces,Juan Valera,1896,,falta año de muerte del autor
441,Cuentos y Diálogos,Juan Valera,s. f.,,falta año de muerte del autor
447,Doña Luz,Juan Valera,1879,,falta año de muerte del autor
454,Garuda o la Cigüeña Blanca,Juan Valera,s. f.,,falta año de muerte del autor
444,Genio y Figura,Juan Valera,1897,,falta año de muerte del autor
438,Juanita la Larga,Juan Valera,1895,,falta año de muerte del autor
452,Leyendas del Antiguo Oriente,Juan Valera,s. f.,,falta año de muerte del autor
450,Mariquita y Antonio,Juan Valera,1861,,falta año de muerte del autor
437,Morsamor,Juan Valera,1899,,falta año de muerte del autor
446,Nuevas Cartas Americanas,Juan Valera,1890,,falta año de muerte del autor
448,Pasarse de Listo,Juan Valera,1878,,falta año de muerte del autor
440,El Superhombre y Otras Novedades,Juan Valera,s. f.,,falta año de muerte del autor
436,De Varios Colores,Juan Valera,s. f.,,falta año de muerte del autor
443,A Vuela Pluma,Juan Valera,s. f.,,falta año de muerte del autor
468,Águila de Blasón,Ramón María del Valle-Inclán,1907,MX(hasta 2036),año de muerte sin verificar
486,Un Bastardo de Narizotas,Ramón María del Valle-Inclán,s. f.,MX(hasta 2036),año de muerte sin verificar
460,Baza de Espadas,Ramón María del Valle-Inclán,1932,MX(hasta 2036),año de muerte sin verificar
465,La Cara de Dios,Ramón María del Valle-Inclán,1899,MX(hasta 2036),año de muerte sin verificar
478,Cara de Plata,Ramón María del Valle-Inclán,1922,MX(hasta 2036),año de muerte sin verificar
461,Comedias Bárbaras,Ramón María del Valle-Inclán,1907,MX(hasta 2036),año de muerte sin verificar
467,Corte de Amor,Ramón María del Valle-Inclán,1903,MX(hasta 2036),año de muerte sin verificar
459,La Corte de los Milagros,Ramón María del Valle-Inclán,1927,MX(hasta 2036),año de muerte sin verificar
472,Los Cruzados de la Causa,Ramón María del Valle-Inclán,1908,MX(hasta 2036),año de muerte sin verificar
475,Divinas Palabras,Ramón María del Valle-Inclán,1920,MX(hasta 2036),año de muerte sin verificar
488,Epitalamio,Ramón María del Valle-Inclán,s. f.,MX(hasta 2036),año de muerte sin verificar
483,Femeninas,Ramón María del Valle-Inclán,1895,MX(hasta 2036),año de muerte sin verificar
462,Fin de un Revolucionario,Ramón María del Valle-Inclán,s. f.,MX(hasta 2036),año de muerte sin verificar
469,Flor de Almendro,Ramón María del Valle-Inclán,s. f.,MX(hasta 2036),año de muerte sin verificar
473,Flor de Santidad,Ramón María del Valle-Inclán,1904,MX(hasta 2036),año de muerte sin verificar
471,Gerifaltes de Antaño,Ramón María del Valle-Inclán,1909,MX(hasta 2036),año de muerte sin verificar
463,Jardín Umbrío,Ramón María del Valle-Inclán,1903,MX(hasta 2036),año de muerte sin verificar
464,La Lámpara Maravillosa,Ramón María del Valle-Inclán,1916,MX(hasta 2036),año de muerte sin verificar
484,Luces de Bohemia,Ramón María del Valle-Inclán,1920,MX(hasta 2036),año de muerte sin verificar
490,El Marqués de Bradomín,Ramón María del Valle-Inclán,1907,MX(hasta 2036),año de muerte sin verificar
470,Martes de Carnaval,Ramón María del Valle-Inclán,1930,MX(hasta 2036),año de muerte sin verificar
466,La Media Noche,Ramón María del Valle-Inclán,1917,MX(hasta 2036),año de muerte sin verificar
476,Mi Hermana Antonia,Ramón María del Valle-Inclán,s. f.,MX(hasta 2036),año de muerte sin verificar
480,La Pipa de Kif,Ramón María del Valle-Inclán,1919,MX(hasta 2036),año de muerte sin verificar
474,El Resplandor de la Hoguera,Ramón María del Valle-Inclán,1909,MX(hasta 2036),año de muerte sin verificar
482,"Retablo de la Avaricia, la Lujuria y la Muerte",Ramón María del Valle-Inclán,s. f.,MX(hasta 2036),año de muerte sin verificar
477,Romance de Lobos,Ramón María del Valle-Inclán,1908,MX(hasta 2036),año de muerte sin verificar
481,Tablado de Marionetas para Educación de Príncipes,Ramón María del Valle-Inclán,s. f.,MX(hasta 2036),año de muerte sin verificar
485,Teatrillo de Enredo,Ramón María del Valle-Inclán,s. f.,MX(hasta 2036),año de muerte sin verificar
487,Una Tertulia de Antaño,Ramón María del Valle-Inclán,s. f.,MX(hasta 2036),año de muerte sin verificar
458,Tirano Banderas,Ramón María del Valle-Inclán,1926,MX(hasta 2036),año de muerte sin verificar
479,El Trueno Dorado,Ramón María del Valle-Inclán,1936,MX(hasta 2036),año de muerte sin verificar
457,Viva mi Dueño,Ramón María del Valle-Inclán,1928,MX(hasta 2036),año de muerte sin verificar
489,El Yermo de las Almas,Ramón María del Valle-Inclán,1908,MX(hasta 2036),año de muerte sin verificar
497,La Alpujarra,Pedro Antonio de Alarcón,1874,,falta año de muerte del autor
505,El Amigo de la Muerte,Pedro Antonio de Alarcón,1852,,falta año de muerte del autor
503,El Año en Spitzberg,Pedro Antonio de Alarcón,s. f.,,falta año de muerte del autor
500,El Capitán Veneno,Pedro Antonio de Alarcón,1881,,falta año de muerte del autor
504,El Clavo,Pedro Antonio de Alarcón,1853,,falta año de muerte del autor
493,Cuentos Amatorios,Pedro Antonio de Alarcón,1881,,falta año de muerte del autor
496,El Escándalo,Pedro Antonio de Alarcón,1875,,falta año de muerte del autor
495,El Final de Norma,Pedro Antonio de Alarcón,1855,,falta año de muerte del autor
491,Historietas Nacionales,Pedro Antonio de Alarcón,1881,,falta año de muerte del autor
509,Mañanas de Abril y Mayo,Pedro Antonio de Alarcón,s. f.,,falta año de muerte del autor
506,Moros y Cristianos,Pedro Antonio de Alarcón,1881,,falta año de muerte del autor
508,La Mujer Alta,Pedro Antonio de Alarcón,s. f.,,falta año de muerte del autor
492,Narraciones Inverosímiles,Pedro Antonio de Alarcón,1882,,falta año de muerte del autor
501,El Niño de la Bola,Pedro Antonio de Alarcón,1880,,falta año de muerte del autor
494,Novelas Cortas,Pedro Antonio de Alarcón,1881,,falta año de muerte del autor
507,Los Ojos Negros,Pedro Antonio de Alarcón,s. f.,,falta año de muerte del autor
498,La Pródiga,Pedro Antonio de Alarcón,1882,,falta año de muerte del autor
502,Los Seis Velos,Pedro Antonio de Alarcón,s. f.,,falta año de muerte del autor
510,"Soy, Tengo y Quiero",Pedro Antonio de Alarcón,s. f.,,falta año de muerte del autor
499,Viajes por España,Pedro Antonio de Alarcón,1883,,falta año de muerte del autor
511,El Ángel de la Sombra,Leopoldo Lugones,1926,MX(hasta 2038),año de muerte sin verificar
515,Cuentos,Leopoldo Lugones,s. f.,MX(hasta 2038),año de muerte sin verificar
518,Cuentos Dispersos,Leopoldo Lugones,s. f.,MX(hasta 2038),año de muerte sin verificar
517,Las Fuerzas Extrañas,Leopoldo Lugones,1906,MX(hasta 2038),año de muerte sin verificar
512,La Guerra Gaucha,Leopoldo Lugones,1905,MX(hasta 2038),año de muerte sin verificar
514,El Imperio Jesuítico,Leopoldo Lugones,1904,MX(hasta 2038),año de muerte sin verificar
513,Los Ojos de la Reina,Leopoldo Lugones,1927,MX(hasta 2038),año de muerte sin verificar
516,El Puñal,Leopoldo Lugones,s. f.,MX(hasta 2038),año de muerte sin verificar
524,Amnesia,Amado Nervo,1918,,año de muerte sin verificar
519,Crónicas,Amado Nervo,1922,,año de muerte sin verificar
523,El Diablo Desinteresado,Amado Nervo,1916,,año de muerte sin verificar
521,El Diamante de la Inquietud,Amado Nervo,1917,,año de muerte sin verificar
520,Una Mentira,Amado Nervo,1917,,año de muerte sin verificar
522,Un Sueño,Amado Nervo,1917,,año de muerte sin verificar
525,Cuentos Color de Humo,Manuel Gutiérrez Nájera,1890,,falta año de muerte del autor
528,Cuentos dispersos,Manuel Gutiérrez Nájera,s. f.,,falta año de muerte del autor
527,Juan el Organista,Manuel Gutiérrez Nájera,s. f.,,falta año de muerte del autor
526,Por Donde se Sube al Cielo,Manuel Gutiérrez Nájera,1882,,falta año de muerte del autor
529,Aura o las Violetas,José María Vargas Vila,1887,,falta año de muerte del autor
587,El 19 de Marzo y el 2 de Mayo,Benito Pérez Galdós,1873,,falta año de muerte del autor
586,El 1 de marzo y el 2 de mayo,Benito Pérez Galdós,s. f.,,falta año de muerte del autor
594,7 de julio,Benito Pérez Galdós,s. f.,,falta año de muerte del autor
537,El Abuelo,Benito Pérez Galdós,1897,,falta año de muerte del autor
604,Aita Tettauen,Benito Pérez Galdós,s. f.,,falta año de muerte del autor
595,Amadeo I,Benito Pérez Galdós,s. f.,,falta año de muerte del autor
543,El Amigo Manso,Benito Pérez Galdós,1882,,falta año de muerte del autor
530,Ángel Guerra,Benito Pérez Galdós,1891,,falta año de muerte del autor
566,Los Apostólicos,Benito Pérez Galdós,1879,,falta año de muerte del autor
621,El Artículo de Fondo,Benito Pérez Galdós,s. f.,,falta año de muerte del autor
532,El Audaz,Benito Pérez Galdós,1871,,falta año de muerte del autor
558,Los Ayacuchos,Benito Pérez Galdós,1900,,falta año de muerte del autor
564,Bailén,Benito Pérez Galdós,1873,,falta año de muerte del autor
549,La Batalla de los Arapiles,Benito Pérez Galdós,s. f.,,falta año de muerte del autor
562,Bodas Reales,Benito Pérez Galdós,s. f.,,falta año de muerte del autor
544,La de Bringas,Benito Pérez Galdós,1884,,falta año de muerte del autor
601,El Caballero Encantado,Benito Pérez Galdós,s. f.,,falta año de muerte del autor
563,Cádiz,Benito Pérez Galdós,s. f.,,falta año de muerte del autor
580,La Campaña del Maestrazgo,Benito Pérez Galdós,1899,,falta año de muerte del autor
596,Cánovas,Benito Pérez Galdós,1912,,falta año de muerte del autor
585,Carlos VI en la Rápita,Benito Pérez Galdós,1905,,falta año de muerte del autor
597,De Cartago a Sagunto,Benito Pérez Galdós,s. f.,,falta año de muerte del autor
622,La Casa de Shakespeare,Benito Pérez Galdós,s. f.,,falta año de muerte del autor
613,Celín,Benito Pérez Galdós,s. f.,,falta año de muerte del autor
561,Los Cien Mil Hijos de San Luis,Benito Pérez Galdós,1877,,falta año de muerte del autor
600,La Corte de Carlos IV,Benito Pérez Galdós,1873,,falta año de muerte del autor
533,La Desheredada,Benito Pérez Galdós,1881,,falta año de muerte del autor
623,Cuentos y prosas dispersos,Benito Pérez Galdós,s. f.,,falta año de muerte del autor
540,El Doctor Centeno,Benito Pérez Galdós,1883,,falta año de muerte del autor
567,Doña Perfecta,Benito Pérez Galdós,1876,,falta año de muerte del autor
616,¿Dónde Está mi Cabeza?,Benito Pérez Galdós,s. f.,,falta año de muerte del autor
569,Los Duendes de la Camarilla,Benito Pérez Galdós,s. f.,,falta año de muerte del autor
538,Electra,Benito Pérez Galdós,1901,,falta año de muerte del autor
539,Episodios Nacionales para Niños,Benito Pérez Galdós,s. f.,,falta año de muerte del autor
598,El Equipaje del Rey,Benito Pérez Galdós,s. f.,,falta año de muerte del autor
574,España Sin Rey,Benito Pérez Galdós,1907,,falta año de muerte del autor
579,España Trágica,Benito Pérez Galdós,1909,,falta año de muerte del autor
553,La Estafeta Romántica,Benito Pérez Galdós,1899,,falta año de muerte del autor
577,Un Faccioso Más y Algunos Frailes Menos,Benito Pérez Galdós,s. f.,,falta año de muerte del autor
541,La Familia de León Roch,Benito Pérez Galdós,1878,,falta año de muerte del autor
547,La Fontana de Oro,Benito Pérez Galdós,1870,,falta año de muerte del autor
602,Gerona,Benito Pérez Galdós,s. f.,,falta año de muerte del autor
536,Gloria,Benito Pérez Galdós,1877,,falta año de muerte del autor
599,El Grande Oriente,Benito Pérez Galdós,s. f.,,falta año de muerte del autor
545,Halma,Benito Pérez Galdós,1895,,falta año de muerte del autor
554,La Incógnita,Benito Pérez Galdós,1889,,falta año de muerte del autor
619,Una Industria que Vive de la Muerte,Benito Pérez Galdós,s. f.,,falta año de muerte del autor
568,Juan Martín el Empecinado,Benito Pérez Galdós,s. f.,,falta año de muerte del autor
617,Junio,Benito Pérez Galdós,s. f.,,falta año de muerte del autor
535,La Loca de la Casa,Benito Pérez Galdós,1893,,falta año de muerte del autor
531,Lo Prohibido,Benito Pérez Galdós,1885,,falta año de muerte del autor
555,Luchana,Benito Pérez Galdós,1899,,falta año de muerte del autor
605,Marianela,Benito Pérez Galdós,1878,,falta año de muerte del autor
603,Memorias de un Cortesano de 1815,Benito Pérez Galdós,s. f.,,falta año de muerte del autor
570,Mendizábal,Benito Pérez Galdós,s. f.,,falta año de muerte del autor
548,Miau,Benito Pérez Galdós,1888,,falta año de muerte del autor
551,Misericordia,Benito Pérez Galdós,1897,,falta año de muerte del autor
588,Montes de Oca,Benito Pérez Galdós,1900,,falta año de muerte del autor
609,La Mula y el Buey,Benito Pérez Galdós,s. f.,,falta año de muerte del autor
592,Napoleón en Chamartín,Benito Pérez Galdós,1874,,falta año de muerte del autor
575,Narváez,Benito Pérez Galdós,1902,,falta año de muerte del autor
556,Nazarín,Benito Pérez Galdós,1895,,falta año de muerte del autor
614,La Novela en el Tranvía,Benito Pérez Galdós,1871,,falta año de muerte del autor
576,O'Donnell,Benito Pérez Galdós,s. f.,,falta año de muerte del autor
565,De Oñate a la Granja,Benito Pérez Galdós,s. f.,,falta año de muerte del autor
618,La Pluma en el Viento,Benito Pérez Galdós,s. f.,,falta año de muerte del autor
590,La Primera República,Benito Pérez Galdós,1911,,falta año de muerte del autor
571,Prim,Benito Pérez Galdós,s. f.,,falta año de muerte del autor
608,La Princesa y el Granuja,Benito Pérez Galdós,s. f.,,falta año de muerte del autor
534,La Razón de la Sinrazón,Benito Pérez Galdós,1915,,falta año de muerte del autor
542,Realidad,Benito Pérez Galdós,1889,,falta año de muerte del autor
581,La Revolución de Julio,Benito Pérez Galdós,s. f.,,falta año de muerte del autor
546,La de San Quintín,Benito Pérez Galdós,1894,,falta año de muerte del autor
591,La Segunda Casaca,Benito Pérez Galdós,s. f.,,falta año de muerte del autor
607,La Sombra,Benito Pérez Galdós,s. f.,,falta año de muerte del autor
589,El Terror de 1824,Benito Pérez Galdós,s. f.,,falta año de muerte del autor
610,Theros,Benito Pérez Galdós,s. f.,,falta año de muerte del autor
583,Las Tormentas del 48,Benito Pérez Galdós,s. f.,,falta año de muerte del autor
552,Tormento,Benito Pérez Galdós,1884,,falta año de muerte del autor
572,Torquemada en la Cruz,Benito Pérez Galdós,s. f.,,falta año de muerte del autor
611,Torquemada en la Hoguera,Benito Pérez Galdós,1889,,falta año de muerte del autor
550,Torquemada en el Purgatorio,Benito Pérez Galdós,1894,,falta año de muerte del autor
560,Torquemada y San Pedro,Benito Pérez Galdós,1895,,falta año de muerte del autor
606,Trafalgar,Benito Pérez Galdós,s. f.,,falta año de muerte del autor
620,Un Tribunal Literario,Benito Pérez Galdós,s. f.,,falta año de muerte del autor
593,Tristana,Benito Pérez Galdós,1892,,falta año de muerte del autor
557,La de los Tristes Destinos,Benito Pérez Galdós,1907,,falta año de muerte del autor
615,Tropiquillos,Benito Pérez Galdós,s. f.,,falta año de muerte del autor
559,Vergara,Benito Pérez Galdós,1899,,falta año de muerte del autor
578,Un Voluntario Realista,Benito Pérez Galdós,1878,,falta año de muerte del autor
612,De Vuelta de Italia,Benito Pérez Galdós,s. f.,,falta año de muerte del autor
582,La Vuelta al Mundo en la Numancia,Benito Pérez Galdós,s. f.,,falta año de muerte del autor
584,Zaragoza,Benito Pérez Galdós,s. f.,,falta año de muerte del autor
573,Zumalacárregui,Benito Pérez Galdós,1898,,falta año de muerte del autor
635,Un Boceto del Natural,Gustavo Adolfo Bécquer,s. f.,,falta año de muerte del autor
627,Cartas desde mi Celda,Gustavo Adolfo Bécquer,1864,,falta año de muerte del autor
629,Cartas Literarias a una Mujer,Gustavo Adolfo Bécquer,1861,,falta año de muerte del autor
624,El Caudillo de las Manos Rojas,Gustavo Adolfo Bécquer,1858,,falta año de muerte del autor
626,La Creación,Gustavo Adolfo Bécquer,1861,,falta año de muerte del autor
625,Creed en Dios,Gustavo Adolfo Bécquer,1862,,falta año de muerte del autor
636,Cuentos y prosas dispersos,Gustavo Adolfo Bécquer,s. f.,,falta año de muerte del autor
632,¡Es Raro!,Gustavo Adolfo Bécquer,s. f.,,falta año de muerte del autor
630,El Gnomo,Gustavo Adolfo Bécquer,1863,,falta año de muerte del autor
634,Maese Pérez el Organista,Gustavo Adolfo Bécquer,1861,,falta año de muerte del autor
631,El Monte de las Ánimas,Gustavo Adolfo Bécquer,1861,,falta año de muerte del autor
628,La Promesa,Gustavo Adolfo Bécquer,1863,,falta año de muerte del autor
633,La Rosa de Pasión,Gustavo Adolfo Bécquer,1864,,falta año de muerte del autor
638,El Caballero de las Botas Azules,Rosalía de Castro,1867,,falta año de muerte del autor
642,Cuentos y prosas dispersos,Rosalía de Castro,s. f.,,falta año de muerte del autor
637,Flavio,Rosalía de Castro,1861,,falta año de muerte del autor
640,La Flor,Rosalía de Castro,1857,,falta año de muerte del autor
639,A Mi Madre,Rosalía de Castro,1863,,falta año de muerte del autor
641,El Primer Loco,Rosalía de Castro,1881,,falta año de muerte del autor
675,Bucólica,Emilia Pardo Bazán,s. f.,,año de muerte sin verificar
679,En las Cavernas,Emilia Pardo Bazán,s. f.,,año de muerte sin verificar
653,El Cisne de Vilamorta,Emilia Pardo Bazán,1885,,año de muerte sin verificar
681,La Comedia Piadosa,Emilia Pardo Bazán,s. f.,,año de muerte sin verificar
661,Una Cristiana,Emilia Pardo Bazán,1890,,año de muerte sin verificar
647,Cuentos de Amor,Emilia Pardo Bazán,1898,,año de muerte sin verificar
673,Cuentos Antiguos,Emilia Pardo Bazán,1900,,año de muerte sin verificar
650,Cuentos Dramáticos,Emilia Pardo Bazán,1909,,año de muerte sin verificar
674,Cuentos de Marineda,Emilia Pardo Bazán,1892,,año de muerte sin verificar
678,Cuentos de Navidad y Año Nuevo,Emilia Pardo Bazán,1914,,año de muerte sin verificar
665,Cuentos de Navidad y Reyes,Emilia Pardo Bazán,1902,,año de muerte sin verificar
651,Cuentos Nuevos,Emilia Pardo Bazán,1894,,año de muerte sin verificar
672,Cuentos de la Patria,Emilia Pardo Bazán,1902,,año de muerte sin verificar
649,Cuentos Sacroprofanos,Emilia Pardo Bazán,1899,,año de muerte sin verificar
664,Cuentos del Terruño,Emilia Pardo Bazán,1907,,año de muerte sin verificar
648,Cuentos de la Tierra,Emilia Pardo Bazán,1922,,año de muerte sin verificar
656,Cuentos Trágicos,Emilia Pardo Bazán,1912,,año de muerte sin verificar
658,La Cuestión Palpitante,Emilia Pardo Bazán,1883,,año de muerte sin verificar
655,La Dama Joven,Emilia Pardo Bazán,1885,,año de muerte sin verificar
662,Doña Milagros,Emilia Pardo Bazán,1894,,año de muerte sin verificar
652,Dulce Sueño,Emilia Pardo Bazán,1911,,año de muerte sin verificar
680,Fantasía,Emilia Pardo Bazán,s. f.,,año de muerte sin verificar
676,La Gota de Sangre,Emilia Pardo Bazán,1911,,año de muerte sin verificar
660,Insolación,Emilia Pardo Bazán,1889,,año de muerte sin verificar
646,Insolación y Morriña,Emilia Pardo Bazán,1889,,año de muerte sin verificar
657,Memorias de un Solterón: Adán y Eva,Emilia Pardo Bazán,1896,,año de muerte sin verificar
645,Misterio,Emilia Pardo Bazán,1903,,año de muerte sin verificar
659,Morriña,Emilia Pardo Bazán,1889,,año de muerte sin verificar
670,El Niño de Guzmán,Emilia Pardo Bazán,1891,,año de muerte sin verificar
671,Pascual López,Emilia Pardo Bazán,1879,,año de muerte sin verificar
667,La Piedra Angular,Emilia Pardo Bazán,1891,,año de muerte sin verificar
663,La Prueba,Emilia Pardo Bazán,1890,,año de muerte sin verificar
654,El Saludo de las Brujas,Emilia Pardo Bazán,1898,,año de muerte sin verificar
666,La Sirena Negra,Emilia Pardo Bazán,1908,,año de muerte sin verificar
668,El Tesoro de Gastón,Emilia Pardo Bazán,1897,,año de muerte sin verificar
677,La Última Fada,Emilia Pardo Bazán,1916,,año de muerte sin verificar
682,La Venganza de las Flores,Emilia Pardo Bazán,s. f.,,año de muerte sin verificar
669,Un Viaje de Novios,Emilia Pardo Bazán,1881,,año de muerte sin verificar
684,Camila,Estanislao del Campo,s. f.,,falta año de muerte del autor
683,Fausto,Estanislao del Campo,1866,,falta año de muerte del autor
685,Juan Moreira,Eduardo Gutiérrez,1879,,falta año de muerte del autor
687,La Bolsa de Huesos,Eduardo Ladislao Holmberg,1896,,falta año de muerte del autor
688,Horacio Kalibang,Eduardo Ladislao Holmberg,1879,,falta año de muerte del autor
686,Viaje Maravilloso del Señor Nic-Nac,Eduardo Ladislao Holmberg,1875,,falta año de muerte del autor
690,El Capitán Pérez,Carlos Octavio Bunge,s. f.,,falta año de muerte del autor
691,La Madrina de Lita,Carlos Octavio Bunge,s. f.,,falta año de muerte del autor
689,Thespis,Carlos Octavio Bunge,s. f.,,falta año de muerte del autor
692,El Último Grande de España,Carlos Octavio Bunge,s. f.,,falta año de muerte del autor
693,Hacia una Moral Sin Dogmas,José Ingenieros,1917,,falta año de muerte del autor
695,Amalia,José Mármol,1851,,falta año de muerte del autor
696,¿Inocentes o Culpables?,Juan Antonio Argerich,1884,,falta año de muerte del autor
697,Adriana Zumarán,Carlos Alberto Leumann,s. f.,,falta año de muerte del autor
699,Brenda,Eduardo Acevedo Díaz,s. f.,,falta año de muerte del autor
703,El Combate de la Tapera,Eduardo Acevedo Díaz,1892,,falta año de muerte del autor
702,Desde el Tronco de un Ombú,Eduardo Acevedo Díaz,1902,,falta año de muerte del autor
705,Cuentos y prosas dispersos,Eduardo Acevedo Díaz,s. f.,,falta año de muerte del autor
700,Grito de Gloria,Eduardo Acevedo Díaz,1893,,falta año de muerte del autor
704,Idilios Precoces,Eduardo Acevedo Díaz,s. f.,,falta año de muerte del autor
698,Ismael,Eduardo Acevedo Díaz,s. f.,,falta año de muerte del autor
701,Nativa,Eduardo Acevedo Díaz,s. f.,,falta año de muerte del autor
769,La Semana de los 3 Jueves,Francisco Campos Coello,s. f.,,falta año de muerte del autor
770,Cuentos y prosas dispersos,Francisco Campos Coello,s. f.,,falta año de muerte del autor
707,Doñarramona,José Pedro Bellán,1918,MX(hasta 2030),año de muerte sin verificar
706,Doñarramona y Otros Relatos,José Pedro Bellán,s. f.,MX(hasta 2030),año de muerte sin verificar
708,Huerco,José Pedro Bellán,1914,MX(hasta 2030),año de muerte sin verificar
709,El Pecado de Alejandra Leonard,José Pedro Bellán,s. f.,MX(hasta 2030),año de muerte sin verificar
711,La Bola,Emilio Rabasa,1887,,falta año de muerte del autor
712,Cuentos y prosas dispersos,Laura Méndez de Cuenca,s. f.,,falta año de muerte del autor
715,Buondelmonti,José María Roa Bárcena,s. f.,,falta año de muerte del autor
714,Noche al Raso,José María Roa Bárcena,s. f.,,falta año de muerte del autor
713,El Rey y el Bufón,José María Roa Bárcena,s. f.,,falta año de muerte del autor
717,Artículos Ligeros sobre Asuntos Trascendentales I,José Tomás de Cuéllar,s. f.,,falta año de muerte del autor
718,Artículos Ligeros sobre Asuntos Trascendentales II,José Tomás de Cuéllar,s. f.,,falta año de muerte del autor
730,Baile y Cochino...,José Tomás de Cuéllar,s. f.,,falta año de muerte del autor
724,El Comerciante en Perlas,José Tomás de Cuéllar,s. f.,,falta año de muerte del autor
722,Ensalada de Pollos,José Tomás de Cuéllar,s. f.,,falta año de muerte del autor
727,Estampas del Siglo XIX,José Tomás de Cuéllar,s. f.,,falta año de muerte del autor
726,Los Fuereños,José Tomás de Cuéllar,s. f.,,falta año de muerte del autor
719,Gabriel el Cerrajero o las Hijas de mi Papá,José Tomás de Cuéllar,s. f.,,falta año de muerte del autor
716,Las Gentes que Son Así,José Tomás de Cuéllar,s. f.,,falta año de muerte del autor
723,La Historia de Chucho el Ninfo,José Tomás de Cuéllar,s. f.,,falta año de muerte del autor
721,Isolina la Ex-Figurante,José Tomás de Cuéllar,s. f.,,falta año de muerte del autor
720,Las Jamonas,José Tomás de Cuéllar,1891,,falta año de muerte del autor
728,Los Mariditos,José Tomás de Cuéllar,s. f.,,falta año de muerte del autor
729,La Noche Buena,José Tomás de Cuéllar,s. f.,,falta año de muerte del autor
731,Las Posadas,José Tomás de Cuéllar,s. f.,,falta año de muerte del autor
725,Vistazos,José Tomás de Cuéllar,s. f.,,falta año de muerte del autor
732,El Cerro de las Campanas,Juan Antonio Mateos,s. f.,,falta año de muerte del autor
733,Los Insurgentes,Juan Antonio Mateos,s. f.,,falta año de muerte del autor
734,La Majestad Caída,Juan Antonio Mateos,s. f.,,falta año de muerte del autor
736,La Clase Media,Juan Díaz Covarrubias,s. f.,,falta año de muerte del autor
737,El Diablo en México,Juan Díaz Covarrubias,s. f.,,falta año de muerte del autor
735,Gil Gómez el Insurgente,Juan Díaz Covarrubias,s. f.,,falta año de muerte del autor
738,"Manuel Lozada, el Tigre de Alica",Ireneo Paz,s. f.,,falta año de muerte del autor
739,Los Favores del Mundo,Juan Ruiz de Alarcón,s. f.,,falta año de muerte del autor
747,El Beso de Evans,Abraham Valdelomar,s. f.,,año de muerte sin verificar
757,El Buque Negro,Abraham Valdelomar,1917,,año de muerte sin verificar
743,El Caballero Carmelo y Otros Cuentos,Abraham Valdelomar,s. f.,,año de muerte sin verificar
752,El Caballero Carmelo,Abraham Valdelomar,1918,,año de muerte sin verificar
758,El Círculo de la Muerte,Abraham Valdelomar,s. f.,,año de muerte sin verificar
748,La Ciudad Muerta,Abraham Valdelomar,s. f.,,año de muerte sin verificar
744,La Ciudad de los Tísicos,Abraham Valdelomar,s. f.,,año de muerte sin verificar
741,Cuentos Completos,Abraham Valdelomar,s. f.,,año de muerte sin verificar
754,"Hebaristo, el Sauce que Murió de Amor",Abraham Valdelomar,1917,,año de muerte sin verificar
746,Los Hijos del Sol,Abraham Valdelomar,1915,,año de muerte sin verificar
753,El Hipocampo de Oro,Abraham Valdelomar,1920,,año de muerte sin verificar
759,Historia de una Vida Documentada y Trunca,Abraham Valdelomar,s. f.,,año de muerte sin verificar
745,La Mariscala,Abraham Valdelomar,s. f.,,año de muerte sin verificar
755,Los Ojos de Judas,Abraham Valdelomar,s. f.,,año de muerte sin verificar
756,La Paraca,Abraham Valdelomar,s. f.,,año de muerte sin verificar
742,Poesía Completa,Abraham Valdelomar,s. f.,,año de muerte sin verificar
749,"Tres Senas, Dos Ases",Abraham Valdelomar,s. f.,,año de muerte sin verificar
751,El Vuelo de los Cóndores,Abraham Valdelomar,1914,,año de muerte sin verificar
750,Yerba Santa,Abraham Valdelomar,s. f.,,año de muerte sin verificar
762,Cuento de Marionetes,Clemente Palma,s. f.,,falta año de muerte del autor
760,Cuentos Malévolos,Clemente Palma,1904,,falta año de muerte del autor
761,La Granja Blanca,Clemente Palma,s. f.,,falta año de muerte del autor
763,Leyenda de Hachisch,Clemente Palma,s. f.,,falta año de muerte del autor
771,Repisas,José de la Cuadra,s. f.,,falta año de muerte del autor
764,Comentarios Reales de los Incas,Inca Garcilaso de la Vega,s. f.,,falta año de muerte del autor
765,La Florida del Inca,Inca Garcilaso de la Vega,s. f.,,falta año de muerte del autor
766,Contra la Marea,Alberto del Solar,s. f.,,falta año de muerte del autor
767,Cuentos Grises,Carlos Gagini,s. f.,,falta año de muerte del autor
772,Barraquera,José de la Cuadra,s. f.,,falta año de muerte del autor
768,Cuentos y prosas dispersos,Arturo Ambrogi,s. f.,,falta año de muerte del autor
774,El Montuvio Ecuatoriano,José de la Cuadra,s. f.,,falta año de muerte del autor
775,La Linterna Mágica,Manuel A. Alonso,s. f.,,falta año de muerte del autor
778,Aguafuertes Porteñas,Roberto Arlt,1933,MX(hasta 2042),año de muerte sin verificar
779,Los Siete Locos,Roberto Arlt,1929,MX(hasta 2042),año de muerte sin verificar
773,El Derecho al Amor,José de la Cuadra,s. f.,,falta año de muerte del autor
777,Nuevas Aguafuertes,Roberto Arlt,s. f.,MX(hasta 2042),año de muerte sin verificar
780,Trescientos Millones,Roberto Arlt,1932,MX(hasta 2042),año de muerte sin verificar
781,Los Lanzallamas,Roberto Arlt,1931,MX(hasta 2042),año de muerte sin verificar
782,Saverio el Cruel,Roberto Arlt,s. f.,MX(hasta 2042),año de muerte sin verificar
783,El Amor Brujo,Roberto Arlt,1932,MX(hasta 2042),año de muerte sin verificar
786,Las Ciencias Ocultas en la Ciudad de Buenos Aires,Roberto Arlt,s. f.,MX(hasta 2042),año de muerte sin verificar
787,El Fabricante de Fantasmas,Roberto Arlt,s. f.,MX(hasta 2042),año de muerte sin verificar
784,Aguafuertes Gallegas,Roberto Arlt,s. f.,MX(hasta 2042),año de muerte sin verificar
785,Viaje Terrible,Roberto Arlt,s. f.,MX(hasta 2042),año de muerte sin verificar
788,Aguafuertes Vascas,Roberto Arlt,s. f.,MX(hasta 2042),año de muerte sin verificar
790,El Juguete Rabioso,Roberto Arlt,1926,MX(hasta 2042),año de muerte sin verificar
789,Prueba de Amor,Roberto Arlt,s. f.,MX(hasta 2042),año de muerte sin verificar
791,Cuentos de Fray Mocho,José Seferino Álvarez «Fray Mocho»,s. f.,,año de muerte sin verificar
793,Esmeraldas,José Seferino Álvarez «Fray Mocho»,1921,,año de muerte sin verificar
792,Memorias de un Vigilante,José Seferino Álvarez «Fray Mocho»,s. f.,,año de muerte sin verificar
794,Lucía Miranda,Rosa Guerra,1860,,falta año de muerte del autor
795,Viaje a la Isla de Mallorca en el Estío de 1845,Juan Cortada,s. f.,,falta año de muerte del autor
796,Vida Loca,Domingo Arena,s. f.,,falta año de muerte del autor
798,Cuentos para los Hombres que son Todavía Niños,Teresa Wilms Montt,s. f.,,año de muerte sin verificar
797,Inquietudes Sentimentales,Teresa Wilms Montt,1917,,año de muerte sin verificar
799,Calvario y Tabor,Vicente Riva Palacio,1868,,falta año de muerte del autor
807,Los Ceros,Vicente Riva Palacio,s. f.,,falta año de muerte del autor
806,Los Cuentos del General,Vicente Riva Palacio,1896,,falta año de muerte del autor
800,Las Dos Emparedadas,Vicente Riva Palacio,s. f.,,falta año de muerte del autor
803,Martín Garatuza,Vicente Riva Palacio,1868,,falta año de muerte del autor
804,Memorias de un Impostor,Vicente Riva Palacio,s. f.,,falta año de muerte del autor
801,"Monja y Casada, Virgen y Mártir",Vicente Riva Palacio,1868,,falta año de muerte del autor
802,Los Piratas del Golfo,Vicente Riva Palacio,1869,,falta año de muerte del autor
805,La Vuelta de los Muertos,Vicente Riva Palacio,1870,,falta año de muerte del autor
814,Adolfo,Rafael Delgado,s. f.,,falta año de muerte del autor
810,Angelina,Rafael Delgado,1893,,falta año de muerte del autor
815,El Asesinato de Palma-Sola,Rafael Delgado,s. f.,,falta año de muerte del autor
811,La Calandria,Rafael Delgado,1890,,falta año de muerte del autor
816,La Chachalaca,Rafael Delgado,s. f.,,falta año de muerte del autor
809,Cuentos y Notas,Rafael Delgado,s. f.,,falta año de muerte del autor
812,El Desertor,Rafael Delgado,s. f.,,falta año de muerte del autor
813,La Misa de Madrugada,Rafael Delgado,s. f.,,falta año de muerte del autor
817,Mi Única Mentira,Rafael Delgado,s. f.,,falta año de muerte del autor
808,Los Parientes Ricos,Rafael Delgado,1903,,falta año de muerte del autor
818,¡¡¡To... rooo!!!,Rafael Delgado,s. f.,,falta año de muerte del autor
819,Cuadro,Xavier Villaurrutia,s. f.,,falta año de muerte del autor
820,Historia de la Compañía de Jesús en Nueva España,Francisco Javier Alegre,s. f.,,falta año de muerte del autor
822,Comedia inmortal,Pablo Palacio,s. f.,MX(hasta 2047),año de muerte sin verificar
823,Débora,Pablo Palacio,1927,MX(hasta 2047),año de muerte sin verificar
827,Cuentos y prosas dispersos,Pablo Palacio,s. f.,MX(hasta 2047),año de muerte sin verificar
826,Gente de Provincias,Pablo Palacio,s. f.,MX(hasta 2047),año de muerte sin verificar
824,Un Hombre Muerto a Puntapiés (cuentos),Pablo Palacio,1927,MX(hasta 2047),año de muerte sin verificar
825,Rosita Elguero,Pablo Palacio,s. f.,MX(hasta 2047),año de muerte sin verificar
821,Vida del Ahorcado,Pablo Palacio,1932,MX(hasta 2047),año de muerte sin verificar
828,Cuentos de Poeta,Rufino Blanco Fombona,s. f.,,falta año de muerte del autor
830,Gotas de Sangre: Crímenes y Criminales,Luis Bonafoux Quintero,s. f.,,falta año de muerte del autor
829,Huellas Literarias,Luis Bonafoux Quintero,s. f.,,falta año de muerte del autor
835,De la lucha,José Alonso y Trelles,s. f.,,falta año de muerte del autor
836,Amor de Niño,Luis Benjamín Cisneros,s. f.,,falta año de muerte del autor
834,Primitivo,Carlos Reyles,s. f.,,falta año de muerte del autor
832,La Caravana Pasa,Rubén Darío,1902,,falta año de muerte del autor
833,Tierras Solares,Rubén Darío,1904,,falta año de muerte del autor
838,Azul Pálido,Manuel Díaz Rodríguez,s. f.,,falta año de muerte del autor
839,Las Ovejas y las Rosas del Padre Serafín,Manuel Díaz Rodríguez,s. f.,,falta año de muerte del autor
848,Capirotazos,Emilio Bobadilla,s. f.,,falta año de muerte del autor
849,A Fuego Lento,Emilio Bobadilla,s. f.,,falta año de muerte del autor
852,La Fuga,Emilio Bobadilla,s. f.,,falta año de muerte del autor
853,Las Larvas,Emilio Bobadilla,s. f.,,falta año de muerte del autor
850,En la Noche Dormida,Emilio Bobadilla,s. f.,,falta año de muerte del autor
851,Novelas en Germen,Emilio Bobadilla,s. f.,,falta año de muerte del autor
837,El Clis de Sol,Manuel González Zeledón,s. f.,,falta año de muerte del autor
844,El Amor que Dormía,José de la Cuadra,s. f.,,falta año de muerte del autor
845,Calor de Yunca,José de la Cuadra,s. f.,,falta año de muerte del autor
840,Incomprensión,José de la Cuadra,s. f.,,falta año de muerte del autor
843,"Maruja: Rosa, Fruta, Canción...",José de la Cuadra,s. f.,,falta año de muerte del autor
846,Olga Catalina,José de la Cuadra,s. f.,,falta año de muerte del autor
841,El Sacristán,José de la Cuadra,s. f.,,falta año de muerte del autor
847,Sangre Expiatoria,José de la Cuadra,s. f.,,falta año de muerte del autor
842,Perico Paciencia,Manuel A. Alonso,s. f.,,falta año de muerte del autor
903,Corona Patriótica,Ricardo Palma,1853,,falta año de muerte del autor
908,Una Excomunión Famosa,Ricardo Palma,s. f.,,falta año de muerte del autor
905,El Fraile y la Monja del Callao,Ricardo Palma,s. f.,,falta año de muerte del autor
904,La Gatita de Mari-Ramos que Halaga con la Cola y Araña con las Manos,Ricardo Palma,s. f.,,falta año de muerte del autor
900,Las Mejores Tradiciones Peruanas,Ricardo Palma,s. f.,,falta año de muerte del autor
907,Nadie se Muere Hasta que Dios Quiere,Ricardo Palma,s. f.,,falta año de muerte del autor
906,El Rey del Monte,Ricardo Palma,s. f.,,falta año de muerte del autor
901,Tradiciones Peruanas,Ricardo Palma,1872,,falta año de muerte del autor
902,Tradiciones en Salsa Verde,Ricardo Palma,1901,,falta año de muerte del autor
910,El Artista Barquero,Gertrudis Gómez de Avellaneda,1861,,falta año de muerte del autor
912,Dolores,Gertrudis Gómez de Avellaneda,1851,,falta año de muerte del autor
913,La Velada del Helecho,Gertrudis Gómez de Avellaneda,1857,,falta año de muerte del autor
920,Prosas dispersas,César Vallejo,s. f.,MX(hasta 2038),año de muerte sin verificar
917,Escalas,César Vallejo,1923,MX(hasta 2038),año de muerte sin verificar
918,Fabla Salvaje,César Vallejo,1923,MX(hasta 2038),año de muerte sin verificar
919,Hacia el Reino de los Sciris,César Vallejo,1928,MX(hasta 2038),año de muerte sin verificar
916,Rusia en 1931,César Vallejo,1931,MX(hasta 2038),año de muerte sin verificar
922,Cuatro Conferencias sobre América del Sur,Clorinda Matto de Turner,1909,,falta año de muerte del autor
950,Prehistoria de Puerto Rico,Cayetano Coll y Toste,1907,,falta año de muerte del autor
951,Quilito,Carlos María Ocantos,1891,,falta año de muerte del autor
952,Cuentos Populares en Chile,Ramón A. Laval,1923,MX(hasta 2029),año de muerte sin verificar
953,Cuentos Chilenos de Nunca Acabar,Ramón A. Laval,1925,MX(hasta 2029),año de muerte sin verificar
955,Colón en Puerto Rico,Cayetano Coll y Toste,1893,,falta año de muerte del autor
954,Historia de la Instrucción Pública en Puerto Rico,Cayetano Coll y Toste,1910,,falta año de muerte del autor
962,En Viaje (1881-1882),Miguel Cané,1884,,falta año de muerte del autor
964,"Una Excursión a los Indios Ranqueles, tomo II",Lucio V. Mansilla,1870,,falta año de muerte del autor
963,"Una Excursión a los Indios Ranqueles, tomo I",Lucio V. Mansilla,1870,,falta año de muerte del autor
967,Reglas y Consejos sobre Investigación Científica,Santiago Ramón y Cajal,1898,MX(hasta 2034),año de muerte sin verificar
968,"Recuerdos de mi Vida, tomo I",Santiago Ramón y Cajal,1901,MX(hasta 2034),año de muerte sin verificar
969,"Recuerdos de mi Vida, tomo II",Santiago Ramón y Cajal,1917,MX(hasta 2034),año de muerte sin verificar
971,Antología Portorriqueña,Manuel Fernández Juncos,1913,,falta año de muerte del autor
975,El origen del hombre,Charles Darwin,1871,,año de muerte sin verificar
976,Historia General de la Medicina en Chile,Pedro Lautaro Ferrer,1904,,falta año de muerte del autor
979,El Tamaño del Espacio,Leopoldo Lugones,1921,MX(hasta 2038),año de muerte sin verificar
959,"Escritos Políticos, Económicos y Literarios",Florencio Varela,1859,,falta año de muerte del autor
958,"Viaje a los Estados Unidos, tomo III",Guillermo Prieto,1878,,falta año de muerte del autor
957,"Viaje a los Estados Unidos, tomo II",Guillermo Prieto,1877,,falta año de muerte del autor
956,"Viaje a los Estados Unidos, tomo I",Guillermo Prieto,1877,,falta año de muerte del autor
960,Del Plata al Niágara,Paul Groussac,1897,,falta año de muerte del autor
980,Juvenilia,Miguel Cané,1884,,falta año de muerte del autor
984,Moral Social,Eugenio María de Hostos,1888,,falta año de muerte del autor
985,La Gran Aldea,Lucio Vicente López,1884,,falta año de muerte del autor
986,El Corazón Juglar,Luis G. Urbina,1920,MX(hasta 2034),año de muerte sin verificar
987,Estampas de Viaje,Luis G. Urbina,1920,MX(hasta 2034),año de muerte sin verificar
988,Rimas,Bartolomé Mitre,1854,,falta año de muerte del autor
989,Nuevas Poesías y Evangélicas,Almafuerte,1918,,año de muerte sin verificar
997,Poetas de Color,Francisco Calcagno,1878,,falta año de muerte del autor
990,Exploración Arqueológica de la Provincia de Catamarca,Francisco Pascasio Moreno,1890,,falta año de muerte del autor
992,Estudios Americanos,Martín García Mérou,1900,,falta año de muerte del autor
996,Historia de la Conquista de la Habana (1762),Pedro José Guiteras,1856,,falta año de muerte del autor
994,Lo Que Dice la Historia,Salvador Brau,1893,,falta año de muerte del autor
995,Rafael Cordero: Elogio Póstumo,Salvador Brau,1891,,falta año de muerte del autor
993,A Flor de Piel,Gustavo Sánchez Galarraga,1919,MX(hasta 2036),año de muerte sin verificar
991,El Campesino Puertorriqueño,Francisco del Valle Atiles,1887,,falta año de muerte del autor
998,Comentarios del Pueblo Araucano,Manuel Manquilef,1911,,falta año de muerte del autor
999,Lecturas Araucanas,Félix José de Augusta,1910,,falta año de muerte del autor
1000,Las maravillas del cielo,Roque Gálvez y Encinar,1876,,falta año de muerte del autor
1001,SciELO — Scientific Electronic Library Online,Red SciELO,,,no es dominio público sino 'Acceso abierto': revisar licencia y atribución | falta año de muerte del autor
1002,Redalyc — Red de Revistas Científicas de América Latina y el Caribe,Universidad Autónoma del Estado de México,,,no es dominio público sino 'Acceso abierto': revisar licencia y atribución | falta año de muerte del autor
1003,La Referencia — Red Federada de Repositorios Institucionales,LA Referencia,,,no es dominio público sino 'Acceso abierto': revisar licencia y atribución | falta año de muerte del autor
1004,Portal de Repositorios Latinoamericanos,Universidad de Chile,,,no es dominio público sino 'Acceso abierto': revisar licencia y atribución | falta año de muerte del autor
1005,Latindex — Sistema Regional de Información en Línea,Universidad Nacional Autónoma de México,,,no es dominio público sino 'Acceso abierto': revisar licencia y atribución | falta año de muerte del autor
1006,Biblioteca CLACSO,Consejo Latinoamericano de Ciencias Sociales,,,no es dominio público sino 'Acceso abierto': revisar licencia y atribución | falta año de muerte del autor
1007,DOAJ — Directory of Open Access Journals,DOAJ,,,no es dominio público sino 'Acceso abierto': revisar licencia y atribución | falta año de muerte del autor
1008,Repositorio Nacional CONAHCYT,"Consejo Nacional de Humanidades, Ciencias y Tecnologías",,,no es dominio público sino 'Acceso abierto': revisar licencia y atribución | falta año de muerte del autor
1009,SNRD — Sistema Nacional de Repositorios Digitales,"Ministerio de Ciencia, Tecnología e Innovación",,,no es dominio público sino 'Acceso abierto': revisar licencia y atribución | falta año de muerte del autor
1010,SciELO Chile,"Programa de Información Científica, ANID",,,no es dominio público sino 'Acceso abierto': revisar licencia y atribución | falta año de muerte del autor
1011,SciELO México,Universidad Nacional Autónoma de México,,,no es dominio público sino 'Acceso abierto': revisar licencia y atribución | falta año de muerte del autor
1012,SciELO Argentina,CAICYT-CONICET,,,no es dominio público sino 'Acceso abierto': revisar licencia y atribución | falta año de muerte del autor
1013,SciELO Colombia,Universidad Nacional de Colombia,,,no es dominio público sino 'Acceso abierto': revisar licencia y atribución | falta año de muerte del autor
1014,Memoria Chilena,Biblioteca Nacional de Chile,,,no es dominio público sino 'Acceso abierto': revisar licencia y atribución | falta año de muerte del autor
1015,Biblioteca Digital Mundial,UNESCO y Biblioteca del Congreso,,,no es dominio público sino 'Acceso abierto': revisar licencia y atribución | falta año de muerte del autor
1016,Biblioteca Digital del Patrimonio Iberoamericano,Asociación de Bibliotecas Nacionales de Iberoamérica,,,no es dominio público sino 'Acceso abierto': revisar licencia y atribución | falta año de muerte del autor
1017,Biblioteca Digital Hispánica,Biblioteca Nacional de España,,,no es dominio público sino 'Acceso abierto': revisar licencia y atribución | falta año de muerte del autor
