Títulos	titulos
Etiquetas	etiquetas
Editores	editores
Publicar	publicar-texto
Regalar	regala-libros
Registro	registro
A. J. BOZINSKY	a-j-bozinsky
Abate Prévost	abate-prevost
Abate Turquet	abate-turquet
Abimael Martinez Cifuentes	abimael-martinez-cifuentes
Abraham Merritt	abraham-merritt
Abu Faisal Sergio Tapia	abu-faisal-sergio-tapia
Administradores	administradores
Agustín Espinosa	agustin-espinosa
Ahmad Ibn Ata'Illah	ahmad-ibn-ata-illah
Ainhoa Escarti	ainhoa-escarti
Alberto Cruz	alberto-cruz
Alejandro Dumas	alejandro-dumas
Alejandro Dumas (hijo)	alejandro-dumas-hijo
Alejandro Larrubiera	alejandro-larrubiera
Alejandro Ortega	alejandro-ortega
Alejandro Sawa	alejandro-sawa
Aleksandr Afanásiev	aleksandr-afanasiev
Aleksandr Grin	aleksandr-grin
Aleksandr Pushkin	aleksandr-pushkin
Alexis de Tocqueville	alexis-de-tocqueville
Alfonso de Valdés	alfonso-de-valdes
Alfonso Martínez de Toledo, Arcipreste de Talavera	alfonso-martinez-de-toledo-arcipreste-de-talavera
Alfonso X «el Sabio»	alfonso-x-el-sabio
Alfred de Musset	alfred-de-musset
Alfred de Vigny	alfred-de-vigny
Alfred Jarry	alfred-jarry
Alfredo Espino	alfredo-espino
Alonso de Alcalá y Herrera	alonso-de-alcala-y-herrera
Alonso de Castillo Solórzano	alonso-de-castillo-solorzano
Alonso Fernández de Avellaneda	alonso-fernandez-de-avellaneda
Alphonse Daudet	alphonse-daudet
Alvar Núñez Cabeza de Vaca	alvar-nunez-cabeza-de-vaca
Ambrose Bierce	ambrose-bierce
Anatole France	anatole-france
André Moussah	andre-moussah
Andrés Mill De Pool	andres-mill-de-pool
Andrés Patiño Rodríguez	andres-patino-rodriguez
Ángel de Estrada	angel-de-estrada
Ángel Ganivet	angel-ganivet
Ángela Grassi	angela-grassi
Angela tovar	angela-tovar
Ann Radcliffe	ann-radcliffe
Anne Brontë	anne-bronte
Anónimo	anonimo
Anónimo (investigación de EsPaja.com)	anonimo-investigacion-de-espaja-com
Anthony Hope	anthony-hope
Anthony Trollope	anthony-trollope
Antón Chéjov	anton-chejov
Antonio Afán de Ribera	antonio-afan-de-ribera
Antonio de Hoyos y Vinent	antonio-de-hoyos-y-vinent
Antonio de Trueba	antonio-de-trueba
Antonio de Villegas	antonio-de-villegas
Antonio Pinto Renedo	antonio-pinto-renedo
Antonio Viale	antonio-viale
Apuleyo	apuleyo
Aquiles Sioen	aquiles-sioen
Aristófanes	aristofanes
Aristóteles	aristoteles
Armando Buscarini	armando-buscarini
Armando Palacio Valdés	armando-palacio-valdes
Artemidoro	artemidoro
Arthur Conan Doyle	arthur-conan-doyle
Arthur Schopenhauer	arthur-schopenhauer
Arturo Reyes	arturo-reyes
Arturo Robsy	arturo-robsy
Aulo Hircio	aulo-hircio
Aureliano Abenza y Rodríguez	aureliano-abenza-y-rodriguez
Aurora Romero	aurora-romero
Baltasar Gracián	baltasar-gracian
Bárbara M Abate P	barbara-m-abate-p
Benjamín Jarnés	benjamin-jarnes
Bernardita Salas Rivas	bernardita-salas-rivas
Bernardo Morales San Martín	bernardo-morales-san-martin
Bram Stoker	bram-stoker
Braulio Foz	braulio-foz
Bret Harte	bret-harte
Bruno Prado	bruno-prado
Camilo José Cela Conde	camilo-jose-cela-conde
Carlo Collodi	carlo-collodi
Carlos Daniel López	carlos-daniel-lopez
Carlos Gustavo Flores Castillo	carlos-gustavo-flores-castillo
Carlos Reyles	carlos-reyles
Catherine Crowe	catherine-crowe
Celia Thaxter	celia-thaxter
CHAE ON FIRE	chae-on-fire
Charles Baudelaire	charles-baudelaire
Charles Dickens	charles-dickens
Charles Fletcher Lummis	charles-fletcher-lummis
Charles Leconte de Lisle	charles-leconte-de-lisle
Charles-Louis Philippe	charles-louis-philippe
Charles Perrault	charles-perrault
Charlotte Brontë	charlotte-bronte
Chrétien de Troyes	chretien-de-troyes
Christoph von Schmid	christoph-von-schmid
Christopher Marlow	christopher-marlow
Claire de Duras	claire-de-duras
ClaudeAnet	claudeanet
Compilador: Javier Arturo Martinez Farfán	compilador-javier-arturo-martinez-farfan
Concepción Gimeno de Flaquer	concepcion-gimeno-de-flaquer
Concha Espina	concha-espina
#CONCURSODESEGUIDORES❗️Como lo prometi❗️	concursodeseguidores-como-lo-prometi-para-participar-por-los-2-000-seguidores-que-estamos-regalando-la-publicacion-que-tenga-mas-comentarios-con-el-kristrak-sera-el-ganador-1-puesto-1-000-seguidores-2-puesto-700-seguidores-3-puesto-se-llevara-300-seguidor
Confucio	confucio
Cristobal de Villalón	cristobal-de-villalon
Cristóbal Miró Fernández	cristobal-miro-fernandez
Cuento, fábula	cuento-fabula
Cyrano de Bergerac	cyrano-de-bergerac
Dahía G	dahia-g
Dana Maat	dana-maat
Daniel Defoe	daniel-defoe
Daniel Horacio Braga	daniel-horacio-braga
daniel rodriguez	daniel-rodriguez
daniel rodriguez "negro rodriguez"	daniel-rodriguez-negro-rodriguez
Dante Alighieri	dante-alighieri
DAVID BOHM	david-bohm
de Virginia Woolf	de-virginia-woolf
Demis Nub	demis-nub
Desmontando el caballo de Troya la verdad	desmontando-el-caballo-de-troya-la-verdad
Diego de San Pedro	diego-de-san-pedro
Dimitrios Vikelas	dimitrios-vikelas
Diógenes Laercio	diogenes-laercio
Domingo Arena	domingo-arena
Duque de Rivas	duque-de-rivas
E.T.A. Hoffman	e-t-a-hoffman
E.T.A. Hoffmann	e-t-a-hoffmann
Edgar Luzuriaga	edgar-luzuriaga
Edgar Rice Burroughs	edgar-rice-burroughs
Edgar Serna M.	edgar-serna-m
Edgar Serna M.; Alexei Serna A.	edgar-serna-m-alexei-serna-a
Edgar Wallace	edgar-wallace
Edgsr Serna M.	edgsr-serna-m
Edith Wharton	edith-wharton
Editor: Edgar Serna M.	editor-edgar-serna-m
Editor: Edgar Serna M.; Compiladores; Marco Antonio Chaves García, Javier Ignacio García Correa	editor-edgar-serna-m-compiladores-marco-antonio-chaves-garcia-javier-ignacio-garcia-correa
Edmond About	edmond-about
Edmundo de Amicis	edmundo-de-amicis
Eduardo H. González	eduardo-h-gonzalez
Eduardo Robsy	eduardo-robsy
Eduardo Zamacois	eduardo-zamacois
Edward Bellamy	edward-bellamy
Edward Caswall	edward-caswall
Edward Everett Hale	edward-everett-hale
Edwin González	edwin-gonzalez
Efrén Matallana	efren-matallana
EINSTEIN	einstein
El Cisne Travieso - Anónimo	el-cisne-travieso-anonimo
Elizabeth Gaskell	elizabeth-gaskell
Elle de Jan	elle-de-jan
ElRonejo	elronejo
Émile Zola	emile-zola
Emilio Castelar	emilio-castelar
Emilio Gutiérrez-Gamero	emilio-gutierrez-gamero
Emilio Salgari	emilio-salgari
Emily Brontë	emily-bronte
Emma Goldman	emma-goldman
Enrique Floriano	enrique-floriano
Enrique Gaspar y Rimbau	enrique-gaspar-y-rimbau
Enrique Gil y Carrasco	enrique-gil-y-carrasco
Epícteto	epicteto
Erasmo de Rotterdam	erasmo-de-rotterdam
Ernest Renan	ernest-renan
Esquilo	esquilo
Eugène Scribe	eugene-scribe
Eugène Sue	eugene-sue
Eurípides	euripides
Federico de Roberto	federico-de-roberto
Federico Martin Vidal Alonso	federico-martin-vidal-alonso
Felipe Trigo	felipe-trigo
Felisberto Hernández	felisberto-hernandez
Félix María Samaniego	felix-maria-samaniego
Fernando de Rojas	fernando-de-rojas
Fernando Fulgosio	fernando-fulgosio
Fernando Pessoa	fernando-pessoa
Filiberto de Oliveira Cézar	filiberto-de-oliveira-cezar
Fiódor Mijáilovich Dostoyevski	fiodor-mijailovich-dostoyevski
Flavio Josefo	flavio-josefo
Francis Bacon	francis-bacon
Francis Bret Harte	francis-bret-harte
Francisco A. Bafdarena	francisco-a-bafdarena
Francisco A. Baldarena	francisco-a-baldarena
Francisco A. Baldasrena	francisco-a-baldasrena
Francisco Acebal	francisco-acebal
Francisco Anselmo Baldarena	francisco-anselmo-baldarena
Francisco . Baldarena	francisco-baldarena
Francisco de Quevedo y Villegas	francisco-de-quevedo-y-villegas
Francisco Díaz	francisco-diaz
Francisco J. Jariego	francisco-j-jariego
Francisco Javier Alegre	francisco-javier-alegre
Francisco Tomás González Cabañas	francisco-tomas-gonzalez-cabanas
FranciscoA. Baldarena	franciscoa-baldarena
Franco Sacchetti	franco-sacchetti
François Fénelon	francois-fenelon
François-René de Chateaubriand	francois-rene-de-chateaubriand
Fransánchez	fransanchez
Franz Kafka	franz-kafka
Fray Bartolomé de las Casas	fray-bartolome-de-las-casas
Fray Luis de León	fray-luis-de-leon
Friedrich Nietzsche	friedrich-nietzsche
FRITJOF CAPRA	fritjof-capra
Fundación Internacional para la Educación Holista	fundacion-internacional-para-la-educacion-holista
Fundación Ramón Galleg os	fundacion-ramon-galleg-os
Fundación Ramón Gallegos	fundacion-ramon-gallegos
Fundación Ramón Gallegos	fundacion-ramon-gallegos-nbsp
G. Gómez	g-gomez
Gabriel Alomar	gabriel-alomar
Gabriel Miró	gabriel-miro
Gaddette	gaddette
Garci Rodríguez de Montalvo	garci-rodriguez-de-montalvo
GASPAR MELIÁ OLIVER	gaspar-melia-oliver
Gastón Leroux	gaston-leroux
Gene Stratton-Porter	gene-stratton-porter
Geoffrey Chaucer	geoffrey-chaucer
Geoffrey de Monmouth	geoffrey-de-monmouth
George Eliot	george-eliot
George Sand	george-sand
Gérard de Nerval	gerard-de-nerval
Gerardo P. Nieves	gerardo-p-nieves
Giacomo Leopardi	giacomo-leopardi
Gibran Kahlil Gibran	gibran-kahlil-gibran
Gilbert Keith Chesterton	gilbert-keith-chesterton
Ginés Alberola	gines-alberola
Giorgos Viziinos	giorgos-viziinos
Giovanni Boccaccio	giovanni-boccaccio
Gottfried August Bürger	gottfried-august-burger
Granmidas	granmidas
Granmidas. IAquiúbole	granmidas-iaquiubole
Grazia Deledda	grazia-deledda
Gregorio Mayans	gregorio-mayans
Guillaume Apollinaire	guillaume-apollinaire
Gustav Meyrink	gustav-meyrink
Gustave Aimard	gustave-aimard
Gustave Flaubert	gustave-flaubert
Guy de Maupassant	guy-de-maupassant
H.P. Lovecraft	h-p-lovecraft
H. Santos	h-santos
Hammurabi	hammurabi
Hans Christian Andersen	hans-christian-andersen
Harriet Beecher Stowe	harriet-beecher-stowe
Hazel López	hazel-lopez
Hector Hugh Munro "Saki"	hector-hugh-munro-saki
Heinrich von Kleist	heinrich-von-kleist
Helena Blavatsky	helena-blavatsky
Helena torres	helena-torres
Helena Torres, Agustina Espinoza, Valentina Guantay	helena-torres-agustina-espinoza-valentina-guantay
Henrik Ibsen	henrik-ibsen
Henry David Thoreau	henry-david-thoreau
Henry James	henry-james
Henry Rider Haggard	henry-rider-haggard
Henryk Sienkiewicz	henryk-sienkiewicz
Herbert George Wells	herbert-george-wells
Herbert Spencer	herbert-spencer
Herman Melville	herman-melville
Hermann Sudermann	hermann-sudermann
Hermanos Álvarez Quintero	hermanos-alvarez-quintero
Hermanos Grimm	hermanos-grimm
Hermes Yamanic	hermes-yamanic
Heródoto	herodoto
Hesíodo	hesiodo
Honoré de Balzac	honore-de-balzac
Horace Walpole	horace-walpole
Horacio	horacio
Ibn Idari	ibn-idari
Ibn Tufail Abentofail	ibn-tufail-abentofail
Ildefonso Robledo	ildefonso-robledo
Ildefonso Robledo Casanova	ildefonso-robledo-casanova
Immanuel Kant	immanuel-kant
Infante Don Juan Manuel	infante-don-juan-manuel
Instituo Antioqueño de Investigación	instituo-antioqueno-de-investigacion
Instituto Antioqueño de Investigación	instituto-antioqueno-de-investigacion
Instituto Antioqueño de Investigacipon	instituto-antioqueno-de-investigacipon
Ireneo Paz Flores	ireneo-paz-flores
Isabel Petrus	isabel-petrus
Isidore Ducasse, Conde de Lautréamont	isidore-ducasse-conde-de-lautreamont
Isidoro Fernández Florez	isidoro-fernandez-florez
Iván Incerti Morales	ivan-incerti-morales
Iván Turguéniev	ivan-turgueniev
Ivan Zamora	ivan-zamora
J.LAfrontera	j-lafrontera
J. M. Machado de Assis	j-m-machado-de-assis
J. Pérez de los Ríos	j-perez-de-los-rios
Jacinto Octavio Picón	jacinto-octavio-picon
Jack London	jack-london
James Fenimore Cooper	james-fenimore-cooper
James Joyce	james-joyce
James Matthew Barrie	james-matthew-barrie
Jan Potocki	jan-potocki
Jane Austen	jane-austen
Jaume del Alamo	jaume-del-alamo
Jaume del Alamo Jaumejoan	jaume-del-alamo-jaumejoan
Javier Carlucci	javier-carlucci
Jean de La Fontaine	jean-de-la-fontaine
Jean-Jacques Rousseau	jean-jacques-rousseau
Jean Lorrain	jean-lorrain
Jeanne-Marie Le Prince de Beaumont	jeanne-marie-le-prince-de-beaumont
Jenofonte	jenofonte
Jesús Muñiz González	jesus-muniz-gonzalez
Jesús Quintanilla Osorio	jesus-quintanilla-osorio
JM Gálvez	jm-galvez
Joan Carlos Vinent	joan-carlos-vinent
Joanot Martorell	joanot-martorell
Joaquim Ruyra	joaquim-ruyra
Joaquín Dicenta	joaquin-dicenta
John Galsworthy	john-galsworthy
John Locke	john-locke
John Milton	john-milton
John R. Carling	john-r-carling
John Russell	john-russell
John Stuart Mill	john-stuart-mill
Jonathan Swift	jonathan-swift
Jordanes	jordanes
Jordi Cabré Carbó	jordi-cabre-carbo
Jorge Manrique	jorge-manrique
Joris-Karl Huysmans	joris-karl-huysmans
José Alcalá Galiano	jose-alcala-galiano
José Alonso Trelles	jose-alonso-trelles
José Alonso y Trelles	jose-alonso-y-trelles
José Antonio Primo de Rivera	jose-antonio-primo-de-rivera
José Antonio Román	jose-antonio-roman
José Cadalso	jose-cadalso
Jose de Espronceda	jose-de-espronceda
José Echegaray	jose-echegaray
José Fernández Bremón	jose-fernandez-bremon
José Francisco de Isla	jose-francisco-de-isla
José María Blanco White	jose-maria-blanco-white
José María de Acosta	jose-maria-de-acosta
José María de Pereda	jose-maria-de-pereda
José María Eça de Queirós	jose-maria-eca-de-queiros
José María Salaverría	jose-maria-salaverria
José Miguel Gálvez	jose-miguel-galvez
José Morente	jose-morente
José Nogales	jose-nogales
José Ortega Munilla	jose-ortega-munilla
José Rizal	jose-rizal
José Seferino Álvarez "Fray Mocho"	jose-seferino-alvarez-fray-mocho
José Zahonero	jose-zahonero
José Zorrilla	jose-zorrilla
Joseph Conrad	joseph-conrad
Joseph Sheridan Le Fanu	joseph-sheridan-le-fanu
Joseph von Eichendorff	joseph-von-eichendorff
Juan Cortada	juan-cortada
Juan Cortés de Tolosa	juan-cortes-de-tolosa
Juan de Mena	juan-de-mena
Juan de Timoneda	juan-de-timoneda
Juan de Valdés	juan-de-valdes
Juan José Morosoli	juan-jose-morosoli
Juan Jose Suarez	juan-jose-suarez
Juan Ramis	juan-ramis
Juan Ruiz, Arcipreste de Hita	juan-ruiz-arcipreste-de-hita
Juan Valero	juan-valero
Jules Renard	jules-renard
Julia de Asensi	julia-de-asensi
Julia Mentejusta	julia-mentejusta
Julio César	julio-cesar
Julio Verne	julio-verne
Karl Marx	karl-marx
Katherine Mansfield	katherine-mansfield
Kelsykel	kelsykel
KinLucas Busher	kinlucas-busher
Kostis Palamas	kostis-palamas
@kristrak_	kristrak
La Bebo y el Taliano	la-bebo-y-el-taliano
"La orientación educativa y sus desafíos en el primer año de la carrera Licenciatura en Educación Preescolar”:	la-orientacion-educativa-y-sus-desafios-en-el-primer-ano-de-la-carrera-licenciatura-en-educacion-preescolar
Lafcadio Hearn	lafcadio-hearn
Lao-Tse	lao-tse
Laura Méndez de Cuenco	laura-mendez-de-cuenco
Laura Mendez De la Cuenca	laura-mendez-de-la-cuenca
Leandro Fernández de Moratín	leandro-fernandez-de-moratin
León Tolstói	leon-tolstoi
Leónidas Andréiev	leonidas-andreiev
Lewis Carroll	lewis-carroll
LG Consulting Affairs	lg-consulting-affairs
Lope de Vega Carpio	lope-de-vega-carpio
Lord Byron	lord-byron
Lorena Alvarado	lorena-alvarado
Louisa May Alcott	louisa-may-alcott
Lucas Garcete	lucas-garcete
Lucas M.	lucas-m
Lucio Anneo Séneca	lucio-anneo-seneca
Lucrecio	lucrecio
Ludovic Halévy	ludovic-halevy
Ludovico Ariosto	ludovico-ariosto
Luigi Pirandello	luigi-pirandello
Luis Benjamín Cisneros	luis-benjamin-cisneros
Luis Bonafoux Quintero	luis-bonafoux-quintero
Luis Coloma	luis-coloma
Luis de los Reyes Mihalic Valdivia	luis-de-los-reyes-mihalic-valdivia
Luis Fontana	luis-fontana
Luis Mariano de Larra	luis-mariano-de-larra
Luis Vélez de Guevara	luis-velez-de-guevara
Lysander Spooner	lysander-spooner
Madame de La Fayette	madame-de-la-fayette
Mademoiselle Rose	mademoiselle-rose
Manel Martin's	manel-martin-s
Manuel Cerón	manuel-ceron
Manuel Cerón Mejía	manuel-ceron-mejia
Manuel Chaves Nogales	manuel-chaves-nogales
Manuel Díaz Rodríguez	manuel-diaz-rodriguez
Manuel Fernández y González	manuel-fernandez-y-gonzalez
Manuel Gallegos Naranjo	manuel-gallegos-naranjo
Manuel González Nájera	manuel-gonzalez-najera
Manuel González Zeledón	manuel-gonzalez-zeledon
Manuel Ibarra	manuel-ibarra
Manuel Martinez Sanchis	manuel-martinez-sanchis
Mao Zedong	mao-zedong
Marcel Proust	marcel-proust
Marcel Schwob	marcel-schwob
Marco Antonio Becerril Romero	marco-antonio-becerril-romero
Marco Auelio	marco-auelio
Marco Aurelio	marco-aurelio
Marco Tulio Cicerón	marco-tulio-ciceron
María Carreño	maria-carreno
María de Francia	maria-de-francia
Mariano José de Larra	mariano-jose-de-larra
Mario Peloche Hernández	mario-peloche-hernandez
Mark Twain	mark-twain
Marqués de Sade	marques-de-sade
Martin Alonso	martin-alonso
Martín del Barco Centenera	martin-del-barco-centenera
Mary Shelley	mary-shelley
Mateo Alemán	mateo-aleman
Maurice Joly	maurice-joly
Maurice Leblanc	maurice-leblanc
Máximo Gorki	maximo-gorki
Melba Guariglia	melba-guariglia
Metta Victor	metta-victor
michio kaku	michio-kaku
Miguel Ángel Loaiza Herrera	miguel-angel-loaiza-herrera
Miguel Hernández	miguel-hernandez
Miguel Hernández Sánchez-Rebato	miguel-hernandez-sanchez-rebato
Miguuel de Unamuno	miguuel-de-unamuno
Mijaíl Bakunin	mijail-bakunin
Mijaíl Lérmontov	mijail-lermontov
Mireya Cisneros Estupiñán, Clarena Muñoz Dagua, María Cristina Asqueta Corbellini	mireya-cisneros-estupinan-clarena-munoz-dagua-maria-cristina-asqueta-corbellini
Mireya Cisneros EstupiñánClarena Muñoz DaguaMaría Cristina Asqueta Corbellini	mireya-cisneros-estupinanclarena-munoz-daguamaria-cristina-asqueta-corbellini
Mirta Mere	mirta-mere
Mirtha García Pérez	mirtha-garcia-perez
Mirtha García Pérez: Tema: Marco conceptual sobre la educación inclusiva e inclusión social.	mirtha-garcia-perez-tema-marco-conceptual-sobre-la-educacion-inclusiva-e-inclusion-social
Modesto Pérez Hernández	modesto-perez-hernandez
Molière	moliere
Montesquieu	montesquieu
Morgan Robertson	morgan-robertson
Murasaki Shikibu	murasaki-shikibu
Narciso Segundo Mallea	narciso-segundo-mallea
Nathaniel Hawthorne	nathaniel-hawthorne
Natsume Sōseki	natsume-soseki
sushiclub	nbsp-sushiclub
NEVILLE GODDARD	neville-goddard
Nicolás Fernández de Moratín	nicolas-fernandez-de-moratin
Nicolás Maquiavelo	nicolas-maquiavelo
Nicolás Tasín	nicolas-tasin
Nikolái Gógol	nikolai-gogol
Nikolái Semënovic Leskov	nikolai-semenovic-leskov
Nilo Fabra	nilo-fabra
Norberto Torcal	norberto-torcal
Novela corta	novela-corta
O. Henry	o-henry
orquesta popular folclórica	orquesta-popular-folclorica
Oscar Wilde	oscar-wilde
Pablo Alonso de Avecilla	pablo-alonso-de-avecilla
pablo Guillamón	pablo-guillamon
Pablo Palacio	pablo-palacio
Patricio Chamizo	patricio-chamizo
Pedro Calderón de la Barca	pedro-calderon-de-la-barca
Pedro de Répide	pedro-de-repide
Pedro Martín	pedro-martin
Pedro Mata y Domínguez	pedro-mata-y-dominguez
Pedro Muñoz Seca	pedro-munoz-seca
PEDRO SAUGAR SEGARRA	pedro-saugar-segarra
Petronio	petronio
Philip Roth	philip-roth
Pierre Choderlos de Laclos	pierre-choderlos-de-laclos
Pierre Loti	pierre-loti
Pilar Pascual de Sanjuán	pilar-pascual-de-sanjuan
Pío Baroja	pio-baroja
Pío Borja	pio-borja
Plutarco	plutarco
Polibio	polibio
Ponson du Terrail	ponson-du-terrail
Porifirio	porifirio
Precario Empatía.	precario-empatia
Prosper Mérimée	prosper-merimee
RAFAEL CAMACHO HERREROS	rafael-camacho-herreros
Rafael Delgado	rafael-delgado
Ralph Waldo Emerson	ralph-waldo-emerson
Ramón de Mesonero Romanos	ramon-de-mesonero-romanos
Ramón Laval	ramon-laval
Ramón Llull	ramon-llull
Ramón María Tenreiro	ramon-maria-tenreiro
René Descartes	rene-descartes
Rhoma Grace	rhoma-grace
Ricardo Catarineu	ricardo-catarineu
Ricardo León	ricardo-leon
Richard Middleton	richard-middleton
Richard Paraguay	richard-paraguay
Richard Paraguay (Miembro)	richard-paraguay-miembro
Robert Chambers	robert-chambers
Robert E. Howard	robert-e-howard
Robert Louis Stevenson	robert-louis-stevenson
Roberto Arlt	roberto-arlt
Roger D. Aycock	roger-d-aycock
Rolando Mendoza	rolando-mendoza
Romualdo Nogués	romualdo-nogues
Rosa González	rosa-gonzalez
Rosa Guerra	rosa-guerra
Rosario de Acuña	rosario-de-acuna
Rubén Angulo Alba	ruben-angulo-alba
Rudyard Kipling	rudyard-kipling
Rufino Blanco Fombona	rufino-blanco-fombona
Ruy González de Clavijo	ruy-gonzalez-de-clavijo
Ryunosuke Akutagawa	ryunosuke-akutagawa
S.S.P.C	s-s-p-c
Salustio	salustio
Salvador Allende	salvador-allende
Samuel Valentin Lopez Valenzuela	samuel-valentin-lopez-valenzuela
San Agustín	san-agustin
San isaac	san-isaac
San Juan Pablo II	san-juan-pablo-ii
Santa Teresa de Jesús	santa-teresa-de-jesus
Santiago Fernandez Puche	santiago-fernandez-puche
Santiago Ramón y Cajal	santiago-ramon-y-cajal
Serafín Estébanez Calderón	serafin-estebanez-calderon
Sergio Francisci	sergio-francisci
Shit century LCCL	shit-century-lccl
SIGMUND FREUD	sigmund-freud
Sigrid Undset	sigrid-undset
Silverio Lanza	silverio-lanza
Sir Thomas Malory	sir-thomas-malory
Skein Duvan Rivas Valencia	skein-duvan-rivas-valencia
Sofía Valentina Montiron.	sofia-valentina-montiron
Sófocles	sofocles
Søren Kierkegaard	soren-kierkegaard
Stefan Zweig	stefan-zweig
Stendhal	stendhal
Suetonio	suetonio
Sun Tzu	sun-tzu
Sushiclub	sushiclub
SushiClub City Bell	sushiclub-city-bell
TaeyBle	taeyble
Teodoro Baró	teodoro-baro
Teofrasto	teofrasto
Terencio	terencio
Teresa Wilms Montt	teresa-wilms-montt
Texto de prueba	texto-de-prueba
Theodor Mommsen	theodor-mommsen
Théophile Gautier	theophile-gautier
Thomas De Quincey	thomas-de-quincey
Thomas Hardy	thomas-hardy
Thomas Hobbes	thomas-hobbes
Tirso de Molina	tirso-de-molina
Tito Livio	tito-livio
Titus Six	titus-six
Tomás de Iriarte	tomas-de-iriarte
Tomás de Kempis	tomas-de-kempis
Tomás Moro	tomas-moro
Tree of Reason	tree-of-reason
Tres Iniciados	tres-iniciados
Tucídides	tucidides
UUs UUendel	uus-uuendel
Vann Fjernthav	vann-fjernthav
Vektra Guezma	vektra-guezma
Venko Kanev	venko-kanev
Vicente Espinel	vicente-espinel
Vicente Martínez Colomer	vicente-martinez-colomer
Vicente Riva Palacio	vicente-riva-palacio
Víctor Balaguer	victor-balaguer
Victor Hugo	victor-hugo
Víctor Salmerón	victor-salmeron
Villiers de L'Isle Adam	villiers-de-l-isle-adam
Viña Delmar	vina-delmar
Virgilio	virgilio
Virginia Woolf	virginia-woolf
Voltaire	voltaire
W. H.Hudson	w-h-hudson
Waldemar Vigo Casco	waldemar-vigo-casco
Walter Hugo Arboleda M.; Edwin Nelson Montoya M.	walter-hugo-arboleda-m-edwin-nelson-montoya-m
Walter Scott	walter-scott
Washington Irving	washington-irving
Wiliam LeQueux	wiliam-lequeux
Wilkie Collins	wilkie-collins
William Byron Mowery	william-byron-mowery
William le Queux	william-le-queux
William LeQueux	william-lequeux
William Riley Burnett	william-riley-burnett
William Shakespeare	william-shakespeare
Wolfgang Goethe	wolfgang-goethe
Xavier Villaurrutia	xavier-villaurrutia
Xosé Ramón Barreiro Fernández	xose-ramon-barreiro-fernandez
Yamamoto Tsunetomo	yamamoto-tsunetomo
Yuval Noah Harari	yuval-noah-harari
Proyecto	proyecto
Patrocinadores	patrocinadores
Transparencia	transparencia
Preguntas frecuentes	preguntas-frecuentes
Hacer una donación	donacion
Sala de prensa	sala-prensa
Publicidad	publicidad
Estadísticas	estadisticas
Efemérides	efemerides
Enlaces	enlaces
Condiciones de uso	en-construccion
Política de privacidad	politica-privacidad
Información legal	informacion-legal
Catálogo OPDS	opds
Cuentacuentos	cuentacuentos
Texto al azar	texto-aleatorio
Autor al azar	autor-aleatorio
