proposito,pais_publicacion,pais_origen,tipo_obra,postuma,persona_juridica,anio_muerte,anio_publicacion,resultado_calculadora,plazo_deducido
calibrar plazo,España,España,Literaria y/o artística,no,no,1950,1945,,
calibrar plazo,México,México,Literaria y/o artística,no,no,1950,1945,,
calibrar plazo,Argentina,Argentina,Literaria y/o artística,no,no,1950,1945,,
calibrar plazo,Chile,Chile,Literaria y/o artística,no,no,1950,1945,,
calibrar plazo,Colombia,Colombia,Literaria y/o artística,no,no,1950,1945,,
calibrar plazo,Perú,Perú,Literaria y/o artística,no,no,1950,1945,,
calibrar plazo,Uruguay,Uruguay,Literaria y/o artística,no,no,1950,1945,,
calibrar plazo,Ecuador,Ecuador,Literaria y/o artística,no,no,1950,1945,,
calibrar plazo,Cuba,Cuba,Literaria y/o artística,no,no,1950,1945,,
calibrar plazo,Venezuela,Venezuela,Literaria y/o artística,no,no,1950,1945,,
calibrar plazo,Alemania,Alemania,Literaria y/o artística,no,no,1950,1945,,
calibrar plazo,Nicaragua,Nicaragua,Literaria y/o artística,no,no,1950,1945,,
calibrar plazo,Bolivia,Bolivia,Literaria y/o artística,no,no,1950,1945,,
calibrar plazo,El Salvador,El Salvador,Literaria y/o artística,no,no,1950,1945,,
calibrar plazo,Costa Rica,Costa Rica,Literaria y/o artística,no,no,1950,1945,,
calibrar plazo,Paraguay,Paraguay,Literaria y/o artística,no,no,1950,1945,,
calibrar plazo,Estados Unidos,Estados Unidos,Literaria y/o artística,no,no,1950,1945,,
autores fallecidos en 1903 (Argentina),España,Argentina,Literaria y/o artística,no,no,1903,,,
autores fallecidos en 1903 (Argentina),México,Argentina,Literaria y/o artística,no,no,1903,,,
autores fallecidos en 1903 (Argentina),Argentina,Argentina,Literaria y/o artística,no,no,1903,,,
autores fallecidos en 1903 (Argentina),Chile,Argentina,Literaria y/o artística,no,no,1903,,,
autores fallecidos en 1903 (Argentina),Colombia,Argentina,Literaria y/o artística,no,no,1903,,,
autores fallecidos en 1903 (Argentina),Perú,Argentina,Literaria y/o artística,no,no,1903,,,
autores fallecidos en 1903 (Argentina),Uruguay,Argentina,Literaria y/o artística,no,no,1903,,,
autores fallecidos en 1903 (Argentina),Ecuador,Argentina,Literaria y/o artística,no,no,1903,,,
autores fallecidos en 1903 (Argentina),Cuba,Argentina,Literaria y/o artística,no,no,1903,,,
autores fallecidos en 1903 (Argentina),Venezuela,Argentina,Literaria y/o artística,no,no,1903,,,
autores fallecidos en 1903 (Argentina),Alemania,Argentina,Literaria y/o artística,no,no,1903,,,
autores fallecidos en 1903 (Argentina),Nicaragua,Argentina,Literaria y/o artística,no,no,1903,,,
autores fallecidos en 1903 (Argentina),Bolivia,Argentina,Literaria y/o artística,no,no,1903,,,
autores fallecidos en 1903 (Argentina),El Salvador,Argentina,Literaria y/o artística,no,no,1903,,,
autores fallecidos en 1903 (Argentina),Costa Rica,Argentina,Literaria y/o artística,no,no,1903,,,
autores fallecidos en 1903 (Argentina),Paraguay,Argentina,Literaria y/o artística,no,no,1903,,,
autores fallecidos en 1903 (Argentina),Estados Unidos,Argentina,Literaria y/o artística,no,no,1903,,,
autores fallecidos en 1917 (Argentina),España,Argentina,Literaria y/o artística,no,no,1917,,,
autores fallecidos en 1917 (Argentina),México,Argentina,Literaria y/o artística,no,no,1917,,,
autores fallecidos en 1917 (Argentina),Argentina,Argentina,Literaria y/o artística,no,no,1917,,,
autores fallecidos en 1917 (Argentina),Chile,Argentina,Literaria y/o artística,no,no,1917,,,
autores fallecidos en 1917 (Argentina),Colombia,Argentina,Literaria y/o artística,no,no,1917,,,
autores fallecidos en 1917 (Argentina),Perú,Argentina,Literaria y/o artística,no,no,1917,,,
autores fallecidos en 1917 (Argentina),Uruguay,Argentina,Literaria y/o artística,no,no,1917,,,
autores fallecidos en 1917 (Argentina),Ecuador,Argentina,Literaria y/o artística,no,no,1917,,,
autores fallecidos en 1917 (Argentina),Cuba,Argentina,Literaria y/o artística,no,no,1917,,,
autores fallecidos en 1917 (Argentina),Venezuela,Argentina,Literaria y/o artística,no,no,1917,,,
autores fallecidos en 1917 (Argentina),Alemania,Argentina,Literaria y/o artística,no,no,1917,,,
autores fallecidos en 1917 (Argentina),Nicaragua,Argentina,Literaria y/o artística,no,no,1917,,,
autores fallecidos en 1917 (Argentina),Bolivia,Argentina,Literaria y/o artística,no,no,1917,,,
autores fallecidos en 1917 (Argentina),El Salvador,Argentina,Literaria y/o artística,no,no,1917,,,
autores fallecidos en 1917 (Argentina),Costa Rica,Argentina,Literaria y/o artística,no,no,1917,,,
autores fallecidos en 1917 (Argentina),Paraguay,Argentina,Literaria y/o artística,no,no,1917,,,
autores fallecidos en 1917 (Argentina),Estados Unidos,Argentina,Literaria y/o artística,no,no,1917,,,
autores fallecidos en 1927 (Argentina),España,Argentina,Literaria y/o artística,no,no,1927,,,
autores fallecidos en 1927 (Argentina),México,Argentina,Literaria y/o artística,no,no,1927,,,
autores fallecidos en 1927 (Argentina),Argentina,Argentina,Literaria y/o artística,no,no,1927,,,
autores fallecidos en 1927 (Argentina),Chile,Argentina,Literaria y/o artística,no,no,1927,,,
autores fallecidos en 1927 (Argentina),Colombia,Argentina,Literaria y/o artística,no,no,1927,,,
autores fallecidos en 1927 (Argentina),Perú,Argentina,Literaria y/o artística,no,no,1927,,,
autores fallecidos en 1927 (Argentina),Uruguay,Argentina,Literaria y/o artística,no,no,1927,,,
autores fallecidos en 1927 (Argentina),Ecuador,Argentina,Literaria y/o artística,no,no,1927,,,
autores fallecidos en 1927 (Argentina),Cuba,Argentina,Literaria y/o artística,no,no,1927,,,
autores fallecidos en 1927 (Argentina),Venezuela,Argentina,Literaria y/o artística,no,no,1927,,,
autores fallecidos en 1927 (Argentina),Alemania,Argentina,Literaria y/o artística,no,no,1927,,,
autores fallecidos en 1927 (Argentina),Nicaragua,Argentina,Literaria y/o artística,no,no,1927,,,
autores fallecidos en 1927 (Argentina),Bolivia,Argentina,Literaria y/o artística,no,no,1927,,,
autores fallecidos en 1927 (Argentina),El Salvador,Argentina,Literaria y/o artística,no,no,1927,,,
autores fallecidos en 1927 (Argentina),Costa Rica,Argentina,Literaria y/o artística,no,no,1927,,,
autores fallecidos en 1927 (Argentina),Paraguay,Argentina,Literaria y/o artística,no,no,1927,,,
autores fallecidos en 1927 (Argentina),Estados Unidos,Argentina,Literaria y/o artística,no,no,1927,,,
autores fallecidos en 1938 (Argentina),España,Argentina,Literaria y/o artística,no,no,1938,,,
autores fallecidos en 1938 (Argentina),México,Argentina,Literaria y/o artística,no,no,1938,,,
autores fallecidos en 1938 (Argentina),Argentina,Argentina,Literaria y/o artística,no,no,1938,,,
autores fallecidos en 1938 (Argentina),Chile,Argentina,Literaria y/o artística,no,no,1938,,,
autores fallecidos en 1938 (Argentina),Colombia,Argentina,Literaria y/o artística,no,no,1938,,,
autores fallecidos en 1938 (Argentina),Perú,Argentina,Literaria y/o artística,no,no,1938,,,
autores fallecidos en 1938 (Argentina),Uruguay,Argentina,Literaria y/o artística,no,no,1938,,,
autores fallecidos en 1938 (Argentina),Ecuador,Argentina,Literaria y/o artística,no,no,1938,,,
autores fallecidos en 1938 (Argentina),Cuba,Argentina,Literaria y/o artística,no,no,1938,,,
autores fallecidos en 1938 (Argentina),Venezuela,Argentina,Literaria y/o artística,no,no,1938,,,
autores fallecidos en 1938 (Argentina),Alemania,Argentina,Literaria y/o artística,no,no,1938,,,
autores fallecidos en 1938 (Argentina),Nicaragua,Argentina,Literaria y/o artística,no,no,1938,,,
autores fallecidos en 1938 (Argentina),Bolivia,Argentina,Literaria y/o artística,no,no,1938,,,
autores fallecidos en 1938 (Argentina),El Salvador,Argentina,Literaria y/o artística,no,no,1938,,,
autores fallecidos en 1938 (Argentina),Costa Rica,Argentina,Literaria y/o artística,no,no,1938,,,
autores fallecidos en 1938 (Argentina),Paraguay,Argentina,Literaria y/o artística,no,no,1938,,,
autores fallecidos en 1938 (Argentina),Estados Unidos,Argentina,Literaria y/o artística,no,no,1938,,,
autores fallecidos en 1942 (Argentina),España,Argentina,Literaria y/o artística,no,no,1942,,,
autores fallecidos en 1942 (Argentina),México,Argentina,Literaria y/o artística,no,no,1942,,,
autores fallecidos en 1942 (Argentina),Argentina,Argentina,Literaria y/o artística,no,no,1942,,,
autores fallecidos en 1942 (Argentina),Chile,Argentina,Literaria y/o artística,no,no,1942,,,
autores fallecidos en 1942 (Argentina),Colombia,Argentina,Literaria y/o artística,no,no,1942,,,
autores fallecidos en 1942 (Argentina),Perú,Argentina,Literaria y/o artística,no,no,1942,,,
autores fallecidos en 1942 (Argentina),Uruguay,Argentina,Literaria y/o artística,no,no,1942,,,
autores fallecidos en 1942 (Argentina),Ecuador,Argentina,Literaria y/o artística,no,no,1942,,,
autores fallecidos en 1942 (Argentina),Cuba,Argentina,Literaria y/o artística,no,no,1942,,,
autores fallecidos en 1942 (Argentina),Venezuela,Argentina,Literaria y/o artística,no,no,1942,,,
autores fallecidos en 1942 (Argentina),Alemania,Argentina,Literaria y/o artística,no,no,1942,,,
autores fallecidos en 1942 (Argentina),Nicaragua,Argentina,Literaria y/o artística,no,no,1942,,,
autores fallecidos en 1942 (Argentina),Bolivia,Argentina,Literaria y/o artística,no,no,1942,,,
autores fallecidos en 1942 (Argentina),El Salvador,Argentina,Literaria y/o artística,no,no,1942,,,
autores fallecidos en 1942 (Argentina),Costa Rica,Argentina,Literaria y/o artística,no,no,1942,,,
autores fallecidos en 1942 (Argentina),Paraguay,Argentina,Literaria y/o artística,no,no,1942,,,
autores fallecidos en 1942 (Argentina),Estados Unidos,Argentina,Literaria y/o artística,no,no,1942,,,
autores fallecidos en 1921 (Chile),España,Chile,Literaria y/o artística,no,no,1921,,,
autores fallecidos en 1921 (Chile),México,Chile,Literaria y/o artística,no,no,1921,,,
autores fallecidos en 1921 (Chile),Argentina,Chile,Literaria y/o artística,no,no,1921,,,
autores fallecidos en 1921 (Chile),Chile,Chile,Literaria y/o artística,no,no,1921,,,
autores fallecidos en 1921 (Chile),Colombia,Chile,Literaria y/o artística,no,no,1921,,,
autores fallecidos en 1921 (Chile),Perú,Chile,Literaria y/o artística,no,no,1921,,,
autores fallecidos en 1921 (Chile),Uruguay,Chile,Literaria y/o artística,no,no,1921,,,
autores fallecidos en 1921 (Chile),Ecuador,Chile,Literaria y/o artística,no,no,1921,,,
autores fallecidos en 1921 (Chile),Cuba,Chile,Literaria y/o artística,no,no,1921,,,
autores fallecidos en 1921 (Chile),Venezuela,Chile,Literaria y/o artística,no,no,1921,,,
autores fallecidos en 1921 (Chile),Alemania,Chile,Literaria y/o artística,no,no,1921,,,
autores fallecidos en 1921 (Chile),Nicaragua,Chile,Literaria y/o artística,no,no,1921,,,
autores fallecidos en 1921 (Chile),Bolivia,Chile,Literaria y/o artística,no,no,1921,,,
autores fallecidos en 1921 (Chile),El Salvador,Chile,Literaria y/o artística,no,no,1921,,,
autores fallecidos en 1921 (Chile),Costa Rica,Chile,Literaria y/o artística,no,no,1921,,,
autores fallecidos en 1921 (Chile),Paraguay,Chile,Literaria y/o artística,no,no,1921,,,
autores fallecidos en 1921 (Chile),Estados Unidos,Chile,Literaria y/o artística,no,no,1921,,,
autores fallecidos en 1929 (Chile),España,Chile,Literaria y/o artística,no,no,1929,,,
autores fallecidos en 1929 (Chile),México,Chile,Literaria y/o artística,no,no,1929,,,
autores fallecidos en 1929 (Chile),Argentina,Chile,Literaria y/o artística,no,no,1929,,,
autores fallecidos en 1929 (Chile),Chile,Chile,Literaria y/o artística,no,no,1929,,,
autores fallecidos en 1929 (Chile),Colombia,Chile,Literaria y/o artística,no,no,1929,,,
autores fallecidos en 1929 (Chile),Perú,Chile,Literaria y/o artística,no,no,1929,,,
autores fallecidos en 1929 (Chile),Uruguay,Chile,Literaria y/o artística,no,no,1929,,,
autores fallecidos en 1929 (Chile),Ecuador,Chile,Literaria y/o artística,no,no,1929,,,
autores fallecidos en 1929 (Chile),Cuba,Chile,Literaria y/o artística,no,no,1929,,,
autores fallecidos en 1929 (Chile),Venezuela,Chile,Literaria y/o artística,no,no,1929,,,
autores fallecidos en 1929 (Chile),Alemania,Chile,Literaria y/o artística,no,no,1929,,,
autores fallecidos en 1929 (Chile),Nicaragua,Chile,Literaria y/o artística,no,no,1929,,,
autores fallecidos en 1929 (Chile),Bolivia,Chile,Literaria y/o artística,no,no,1929,,,
autores fallecidos en 1929 (Chile),El Salvador,Chile,Literaria y/o artística,no,no,1929,,,
autores fallecidos en 1929 (Chile),Costa Rica,Chile,Literaria y/o artística,no,no,1929,,,
autores fallecidos en 1929 (Chile),Paraguay,Chile,Literaria y/o artística,no,no,1929,,,
autores fallecidos en 1929 (Chile),Estados Unidos,Chile,Literaria y/o artística,no,no,1929,,,
autores fallecidos en 1948 (Chile),España,Chile,Literaria y/o artística,no,no,1948,,,
autores fallecidos en 1948 (Chile),México,Chile,Literaria y/o artística,no,no,1948,,,
autores fallecidos en 1948 (Chile),Argentina,Chile,Literaria y/o artística,no,no,1948,,,
autores fallecidos en 1948 (Chile),Chile,Chile,Literaria y/o artística,no,no,1948,,,
autores fallecidos en 1948 (Chile),Colombia,Chile,Literaria y/o artística,no,no,1948,,,
autores fallecidos en 1948 (Chile),Perú,Chile,Literaria y/o artística,no,no,1948,,,
autores fallecidos en 1948 (Chile),Uruguay,Chile,Literaria y/o artística,no,no,1948,,,
autores fallecidos en 1948 (Chile),Ecuador,Chile,Literaria y/o artística,no,no,1948,,,
autores fallecidos en 1948 (Chile),Cuba,Chile,Literaria y/o artística,no,no,1948,,,
autores fallecidos en 1948 (Chile),Venezuela,Chile,Literaria y/o artística,no,no,1948,,,
autores fallecidos en 1948 (Chile),Alemania,Chile,Literaria y/o artística,no,no,1948,,,
autores fallecidos en 1948 (Chile),Nicaragua,Chile,Literaria y/o artística,no,no,1948,,,
autores fallecidos en 1948 (Chile),Bolivia,Chile,Literaria y/o artística,no,no,1948,,,
autores fallecidos en 1948 (Chile),El Salvador,Chile,Literaria y/o artística,no,no,1948,,,
autores fallecidos en 1948 (Chile),Costa Rica,Chile,Literaria y/o artística,no,no,1948,,,
autores fallecidos en 1948 (Chile),Paraguay,Chile,Literaria y/o artística,no,no,1948,,,
autores fallecidos en 1948 (Chile),Estados Unidos,Chile,Literaria y/o artística,no,no,1948,,,
autores fallecidos en 1928 (Colombia),España,Colombia,Literaria y/o artística,no,no,1928,,,
autores fallecidos en 1928 (Colombia),México,Colombia,Literaria y/o artística,no,no,1928,,,
autores fallecidos en 1928 (Colombia),Argentina,Colombia,Literaria y/o artística,no,no,1928,,,
autores fallecidos en 1928 (Colombia),Chile,Colombia,Literaria y/o artística,no,no,1928,,,
autores fallecidos en 1928 (Colombia),Colombia,Colombia,Literaria y/o artística,no,no,1928,,,
autores fallecidos en 1928 (Colombia),Perú,Colombia,Literaria y/o artística,no,no,1928,,,
autores fallecidos en 1928 (Colombia),Uruguay,Colombia,Literaria y/o artística,no,no,1928,,,
autores fallecidos en 1928 (Colombia),Ecuador,Colombia,Literaria y/o artística,no,no,1928,,,
autores fallecidos en 1928 (Colombia),Cuba,Colombia,Literaria y/o artística,no,no,1928,,,
autores fallecidos en 1928 (Colombia),Venezuela,Colombia,Literaria y/o artística,no,no,1928,,,
autores fallecidos en 1928 (Colombia),Alemania,Colombia,Literaria y/o artística,no,no,1928,,,
autores fallecidos en 1928 (Colombia),Nicaragua,Colombia,Literaria y/o artística,no,no,1928,,,
autores fallecidos en 1928 (Colombia),Bolivia,Colombia,Literaria y/o artística,no,no,1928,,,
autores fallecidos en 1928 (Colombia),El Salvador,Colombia,Literaria y/o artística,no,no,1928,,,
autores fallecidos en 1928 (Colombia),Costa Rica,Colombia,Literaria y/o artística,no,no,1928,,,
autores fallecidos en 1928 (Colombia),Paraguay,Colombia,Literaria y/o artística,no,no,1928,,,
autores fallecidos en 1928 (Colombia),Estados Unidos,Colombia,Literaria y/o artística,no,no,1928,,,
autores fallecidos en 1936 (Cuba),España,Cuba,Literaria y/o artística,no,no,1936,,,
autores fallecidos en 1936 (Cuba),México,Cuba,Literaria y/o artística,no,no,1936,,,
autores fallecidos en 1936 (Cuba),Argentina,Cuba,Literaria y/o artística,no,no,1936,,,
autores fallecidos en 1936 (Cuba),Chile,Cuba,Literaria y/o artística,no,no,1936,,,
autores fallecidos en 1936 (Cuba),Colombia,Cuba,Literaria y/o artística,no,no,1936,,,
autores fallecidos en 1936 (Cuba),Perú,Cuba,Literaria y/o artística,no,no,1936,,,
autores fallecidos en 1936 (Cuba),Uruguay,Cuba,Literaria y/o artística,no,no,1936,,,
autores fallecidos en 1936 (Cuba),Ecuador,Cuba,Literaria y/o artística,no,no,1936,,,
autores fallecidos en 1936 (Cuba),Cuba,Cuba,Literaria y/o artística,no,no,1936,,,
autores fallecidos en 1936 (Cuba),Venezuela,Cuba,Literaria y/o artística,no,no,1936,,,
autores fallecidos en 1936 (Cuba),Alemania,Cuba,Literaria y/o artística,no,no,1936,,,
autores fallecidos en 1936 (Cuba),Nicaragua,Cuba,Literaria y/o artística,no,no,1936,,,
autores fallecidos en 1936 (Cuba),Bolivia,Cuba,Literaria y/o artística,no,no,1936,,,
autores fallecidos en 1936 (Cuba),El Salvador,Cuba,Literaria y/o artística,no,no,1936,,,
autores fallecidos en 1936 (Cuba),Costa Rica,Cuba,Literaria y/o artística,no,no,1936,,,
autores fallecidos en 1936 (Cuba),Paraguay,Cuba,Literaria y/o artística,no,no,1936,,,
autores fallecidos en 1936 (Cuba),Estados Unidos,Cuba,Literaria y/o artística,no,no,1936,,,
autores fallecidos en 1947 (Ecuador),España,Ecuador,Literaria y/o artística,no,no,1947,,,
autores fallecidos en 1947 (Ecuador),México,Ecuador,Literaria y/o artística,no,no,1947,,,
autores fallecidos en 1947 (Ecuador),Argentina,Ecuador,Literaria y/o artística,no,no,1947,,,
autores fallecidos en 1947 (Ecuador),Chile,Ecuador,Literaria y/o artística,no,no,1947,,,
autores fallecidos en 1947 (Ecuador),Colombia,Ecuador,Literaria y/o artística,no,no,1947,,,
autores fallecidos en 1947 (Ecuador),Perú,Ecuador,Literaria y/o artística,no,no,1947,,,
autores fallecidos en 1947 (Ecuador),Uruguay,Ecuador,Literaria y/o artística,no,no,1947,,,
autores fallecidos en 1947 (Ecuador),Ecuador,Ecuador,Literaria y/o artística,no,no,1947,,,
autores fallecidos en 1947 (Ecuador),Cuba,Ecuador,Literaria y/o artística,no,no,1947,,,
autores fallecidos en 1947 (Ecuador),Venezuela,Ecuador,Literaria y/o artística,no,no,1947,,,
autores fallecidos en 1947 (Ecuador),Alemania,Ecuador,Literaria y/o artística,no,no,1947,,,
autores fallecidos en 1947 (Ecuador),Nicaragua,Ecuador,Literaria y/o artística,no,no,1947,,,
autores fallecidos en 1947 (Ecuador),Bolivia,Ecuador,Literaria y/o artística,no,no,1947,,,
autores fallecidos en 1947 (Ecuador),El Salvador,Ecuador,Literaria y/o artística,no,no,1947,,,
autores fallecidos en 1947 (Ecuador),Costa Rica,Ecuador,Literaria y/o artística,no,no,1947,,,
autores fallecidos en 1947 (Ecuador),Paraguay,Ecuador,Literaria y/o artística,no,no,1947,,,
autores fallecidos en 1947 (Ecuador),Estados Unidos,Ecuador,Literaria y/o artística,no,no,1947,,,
autores fallecidos en 1616 (España),España,España,Literaria y/o artística,no,no,1616,,,
autores fallecidos en 1616 (España),México,España,Literaria y/o artística,no,no,1616,,,
autores fallecidos en 1616 (España),Argentina,España,Literaria y/o artística,no,no,1616,,,
autores fallecidos en 1616 (España),Chile,España,Literaria y/o artística,no,no,1616,,,
autores fallecidos en 1616 (España),Colombia,España,Literaria y/o artística,no,no,1616,,,
autores fallecidos en 1616 (España),Perú,España,Literaria y/o artística,no,no,1616,,,
autores fallecidos en 1616 (España),Uruguay,España,Literaria y/o artística,no,no,1616,,,
autores fallecidos en 1616 (España),Ecuador,España,Literaria y/o artística,no,no,1616,,,
autores fallecidos en 1616 (España),Cuba,España,Literaria y/o artística,no,no,1616,,,
autores fallecidos en 1616 (España),Venezuela,España,Literaria y/o artística,no,no,1616,,,
autores fallecidos en 1616 (España),Alemania,España,Literaria y/o artística,no,no,1616,,,
autores fallecidos en 1616 (España),Nicaragua,España,Literaria y/o artística,no,no,1616,,,
autores fallecidos en 1616 (España),Bolivia,España,Literaria y/o artística,no,no,1616,,,
autores fallecidos en 1616 (España),El Salvador,España,Literaria y/o artística,no,no,1616,,,
autores fallecidos en 1616 (España),Costa Rica,España,Literaria y/o artística,no,no,1616,,,
autores fallecidos en 1616 (España),Paraguay,España,Literaria y/o artística,no,no,1616,,,
autores fallecidos en 1616 (España),Estados Unidos,España,Literaria y/o artística,no,no,1616,,,
autores fallecidos en 1921 (España),España,España,Literaria y/o artística,no,no,1921,,,
autores fallecidos en 1921 (España),México,España,Literaria y/o artística,no,no,1921,,,
autores fallecidos en 1921 (España),Argentina,España,Literaria y/o artística,no,no,1921,,,
autores fallecidos en 1921 (España),Chile,España,Literaria y/o artística,no,no,1921,,,
autores fallecidos en 1921 (España),Colombia,España,Literaria y/o artística,no,no,1921,,,
autores fallecidos en 1921 (España),Perú,España,Literaria y/o artística,no,no,1921,,,
autores fallecidos en 1921 (España),Uruguay,España,Literaria y/o artística,no,no,1921,,,
autores fallecidos en 1921 (España),Ecuador,España,Literaria y/o artística,no,no,1921,,,
autores fallecidos en 1921 (España),Cuba,España,Literaria y/o artística,no,no,1921,,,
autores fallecidos en 1921 (España),Venezuela,España,Literaria y/o artística,no,no,1921,,,
autores fallecidos en 1921 (España),Alemania,España,Literaria y/o artística,no,no,1921,,,
autores fallecidos en 1921 (España),Nicaragua,España,Literaria y/o artística,no,no,1921,,,
autores fallecidos en 1921 (España),Bolivia,España,Literaria y/o artística,no,no,1921,,,
autores fallecidos en 1921 (España),El Salvador,España,Literaria y/o artística,no,no,1921,,,
autores fallecidos en 1921 (España),Costa Rica,España,Literaria y/o artística,no,no,1921,,,
autores fallecidos en 1921 (España),Paraguay,España,Literaria y/o artística,no,no,1921,,,
autores fallecidos en 1921 (España),Estados Unidos,España,Literaria y/o artística,no,no,1921,,,
autores fallecidos en 1928 (España),España,España,Literaria y/o artística,no,no,1928,,,
autores fallecidos en 1928 (España),México,España,Literaria y/o artística,no,no,1928,,,
autores fallecidos en 1928 (España),Argentina,España,Literaria y/o artística,no,no,1928,,,
autores fallecidos en 1928 (España),Chile,España,Literaria y/o artística,no,no,1928,,,
autores fallecidos en 1928 (España),Colombia,España,Literaria y/o artística,no,no,1928,,,
autores fallecidos en 1928 (España),Perú,España,Literaria y/o artística,no,no,1928,,,
autores fallecidos en 1928 (España),Uruguay,España,Literaria y/o artística,no,no,1928,,,
autores fallecidos en 1928 (España),Ecuador,España,Literaria y/o artística,no,no,1928,,,
autores fallecidos en 1928 (España),Cuba,España,Literaria y/o artística,no,no,1928,,,
autores fallecidos en 1928 (España),Venezuela,España,Literaria y/o artística,no,no,1928,,,
autores fallecidos en 1928 (España),Alemania,España,Literaria y/o artística,no,no,1928,,,
autores fallecidos en 1928 (España),Nicaragua,España,Literaria y/o artística,no,no,1928,,,
autores fallecidos en 1928 (España),Bolivia,España,Literaria y/o artística,no,no,1928,,,
autores fallecidos en 1928 (España),El Salvador,España,Literaria y/o artística,no,no,1928,,,
autores fallecidos en 1928 (España),Costa Rica,España,Literaria y/o artística,no,no,1928,,,
autores fallecidos en 1928 (España),Paraguay,España,Literaria y/o artística,no,no,1928,,,
autores fallecidos en 1928 (España),Estados Unidos,España,Literaria y/o artística,no,no,1928,,,
autores fallecidos en 1932 (España),España,España,Literaria y/o artística,no,no,1932,,,
autores fallecidos en 1932 (España),México,España,Literaria y/o artística,no,no,1932,,,
autores fallecidos en 1932 (España),Argentina,España,Literaria y/o artística,no,no,1932,,,
autores fallecidos en 1932 (España),Chile,España,Literaria y/o artística,no,no,1932,,,
autores fallecidos en 1932 (España),Colombia,España,Literaria y/o artística,no,no,1932,,,
autores fallecidos en 1932 (España),Perú,España,Literaria y/o artística,no,no,1932,,,
autores fallecidos en 1932 (España),Uruguay,España,Literaria y/o artística,no,no,1932,,,
autores fallecidos en 1932 (España),Ecuador,España,Literaria y/o artística,no,no,1932,,,
autores fallecidos en 1932 (España),Cuba,España,Literaria y/o artística,no,no,1932,,,
autores fallecidos en 1932 (España),Venezuela,España,Literaria y/o artística,no,no,1932,,,
autores fallecidos en 1932 (España),Alemania,España,Literaria y/o artística,no,no,1932,,,
autores fallecidos en 1932 (España),Nicaragua,España,Literaria y/o artística,no,no,1932,,,
autores fallecidos en 1932 (España),Bolivia,España,Literaria y/o artística,no,no,1932,,,
autores fallecidos en 1932 (España),El Salvador,España,Literaria y/o artística,no,no,1932,,,
autores fallecidos en 1932 (España),Costa Rica,España,Literaria y/o artística,no,no,1932,,,
autores fallecidos en 1932 (España),Paraguay,España,Literaria y/o artística,no,no,1932,,,
autores fallecidos en 1932 (España),Estados Unidos,España,Literaria y/o artística,no,no,1932,,,
autores fallecidos en 1934 (España),España,España,Literaria y/o artística,no,no,1934,,,
autores fallecidos en 1934 (España),México,España,Literaria y/o artística,no,no,1934,,,
autores fallecidos en 1934 (España),Argentina,España,Literaria y/o artística,no,no,1934,,,
autores fallecidos en 1934 (España),Chile,España,Literaria y/o artística,no,no,1934,,,
autores fallecidos en 1934 (España),Colombia,España,Literaria y/o artística,no,no,1934,,,
autores fallecidos en 1934 (España),Perú,España,Literaria y/o artística,no,no,1934,,,
autores fallecidos en 1934 (España),Uruguay,España,Literaria y/o artística,no,no,1934,,,
autores fallecidos en 1934 (España),Ecuador,España,Literaria y/o artística,no,no,1934,,,
autores fallecidos en 1934 (España),Cuba,España,Literaria y/o artística,no,no,1934,,,
autores fallecidos en 1934 (España),Venezuela,España,Literaria y/o artística,no,no,1934,,,
autores fallecidos en 1934 (España),Alemania,España,Literaria y/o artística,no,no,1934,,,
autores fallecidos en 1934 (España),Nicaragua,España,Literaria y/o artística,no,no,1934,,,
autores fallecidos en 1934 (España),Bolivia,España,Literaria y/o artística,no,no,1934,,,
autores fallecidos en 1934 (España),El Salvador,España,Literaria y/o artística,no,no,1934,,,
autores fallecidos en 1934 (España),Costa Rica,España,Literaria y/o artística,no,no,1934,,,
autores fallecidos en 1934 (España),Paraguay,España,Literaria y/o artística,no,no,1934,,,
autores fallecidos en 1934 (España),Estados Unidos,España,Literaria y/o artística,no,no,1934,,,
autores fallecidos en 1936 (España),España,España,Literaria y/o artística,no,no,1936,,,
autores fallecidos en 1936 (España),México,España,Literaria y/o artística,no,no,1936,,,
autores fallecidos en 1936 (España),Argentina,España,Literaria y/o artística,no,no,1936,,,
autores fallecidos en 1936 (España),Chile,España,Literaria y/o artística,no,no,1936,,,
autores fallecidos en 1936 (España),Colombia,España,Literaria y/o artística,no,no,1936,,,
autores fallecidos en 1936 (España),Perú,España,Literaria y/o artística,no,no,1936,,,
autores fallecidos en 1936 (España),Uruguay,España,Literaria y/o artística,no,no,1936,,,
autores fallecidos en 1936 (España),Ecuador,España,Literaria y/o artística,no,no,1936,,,
autores fallecidos en 1936 (España),Cuba,España,Literaria y/o artística,no,no,1936,,,
autores fallecidos en 1936 (España),Venezuela,España,Literaria y/o artística,no,no,1936,,,
autores fallecidos en 1936 (España),Alemania,España,Literaria y/o artística,no,no,1936,,,
autores fallecidos en 1936 (España),Nicaragua,España,Literaria y/o artística,no,no,1936,,,
autores fallecidos en 1936 (España),Bolivia,España,Literaria y/o artística,no,no,1936,,,
autores fallecidos en 1936 (España),El Salvador,España,Literaria y/o artística,no,no,1936,,,
autores fallecidos en 1936 (España),Costa Rica,España,Literaria y/o artística,no,no,1936,,,
autores fallecidos en 1936 (España),Paraguay,España,Literaria y/o artística,no,no,1936,,,
autores fallecidos en 1936 (España),Estados Unidos,España,Literaria y/o artística,no,no,1936,,,
autores fallecidos en 1882 (Reino Unido),España,Reino Unido,Literaria y/o artística,no,no,1882,,,
autores fallecidos en 1882 (Reino Unido),México,Reino Unido,Literaria y/o artística,no,no,1882,,,
autores fallecidos en 1882 (Reino Unido),Argentina,Reino Unido,Literaria y/o artística,no,no,1882,,,
autores fallecidos en 1882 (Reino Unido),Chile,Reino Unido,Literaria y/o artística,no,no,1882,,,
autores fallecidos en 1882 (Reino Unido),Colombia,Reino Unido,Literaria y/o artística,no,no,1882,,,
autores fallecidos en 1882 (Reino Unido),Perú,Reino Unido,Literaria y/o artística,no,no,1882,,,
autores fallecidos en 1882 (Reino Unido),Uruguay,Reino Unido,Literaria y/o artística,no,no,1882,,,
autores fallecidos en 1882 (Reino Unido),Ecuador,Reino Unido,Literaria y/o artística,no,no,1882,,,
autores fallecidos en 1882 (Reino Unido),Cuba,Reino Unido,Literaria y/o artística,no,no,1882,,,
autores fallecidos en 1882 (Reino Unido),Venezuela,Reino Unido,Literaria y/o artística,no,no,1882,,,
autores fallecidos en 1882 (Reino Unido),Alemania,Reino Unido,Literaria y/o artística,no,no,1882,,,
autores fallecidos en 1882 (Reino Unido),Nicaragua,Reino Unido,Literaria y/o artística,no,no,1882,,,
autores fallecidos en 1882 (Reino Unido),Bolivia,Reino Unido,Literaria y/o artística,no,no,1882,,,
autores fallecidos en 1882 (Reino Unido),El Salvador,Reino Unido,Literaria y/o artística,no,no,1882,,,
autores fallecidos en 1882 (Reino Unido),Costa Rica,Reino Unido,Literaria y/o artística,no,no,1882,,,
autores fallecidos en 1882 (Reino Unido),Paraguay,Reino Unido,Literaria y/o artística,no,no,1882,,,
autores fallecidos en 1882 (Reino Unido),Estados Unidos,Reino Unido,Literaria y/o artística,no,no,1882,,,
autores fallecidos en 1919 (México),España,México,Literaria y/o artística,no,no,1919,,,
autores fallecidos en 1919 (México),México,México,Literaria y/o artística,no,no,1919,,,
autores fallecidos en 1919 (México),Argentina,México,Literaria y/o artística,no,no,1919,,,
autores fallecidos en 1919 (México),Chile,México,Literaria y/o artística,no,no,1919,,,
autores fallecidos en 1919 (México),Colombia,México,Literaria y/o artística,no,no,1919,,,
autores fallecidos en 1919 (México),Perú,México,Literaria y/o artística,no,no,1919,,,
autores fallecidos en 1919 (México),Uruguay,México,Literaria y/o artística,no,no,1919,,,
autores fallecidos en 1919 (México),Ecuador,México,Literaria y/o artística,no,no,1919,,,
autores fallecidos en 1919 (México),Cuba,México,Literaria y/o artística,no,no,1919,,,
autores fallecidos en 1919 (México),Venezuela,México,Literaria y/o artística,no,no,1919,,,
autores fallecidos en 1919 (México),Alemania,México,Literaria y/o artística,no,no,1919,,,
autores fallecidos en 1919 (México),Nicaragua,México,Literaria y/o artística,no,no,1919,,,
autores fallecidos en 1919 (México),Bolivia,México,Literaria y/o artística,no,no,1919,,,
autores fallecidos en 1919 (México),El Salvador,México,Literaria y/o artística,no,no,1919,,,
autores fallecidos en 1919 (México),Costa Rica,México,Literaria y/o artística,no,no,1919,,,
autores fallecidos en 1919 (México),Paraguay,México,Literaria y/o artística,no,no,1919,,,
autores fallecidos en 1919 (México),Estados Unidos,México,Literaria y/o artística,no,no,1919,,,
autores fallecidos en 1934 (México),España,México,Literaria y/o artística,no,no,1934,,,
autores fallecidos en 1934 (México),México,México,Literaria y/o artística,no,no,1934,,,
autores fallecidos en 1934 (México),Argentina,México,Literaria y/o artística,no,no,1934,,,
autores fallecidos en 1934 (México),Chile,México,Literaria y/o artística,no,no,1934,,,
autores fallecidos en 1934 (México),Colombia,México,Literaria y/o artística,no,no,1934,,,
autores fallecidos en 1934 (México),Perú,México,Literaria y/o artística,no,no,1934,,,
autores fallecidos en 1934 (México),Uruguay,México,Literaria y/o artística,no,no,1934,,,
autores fallecidos en 1934 (México),Ecuador,México,Literaria y/o artística,no,no,1934,,,
autores fallecidos en 1934 (México),Cuba,México,Literaria y/o artística,no,no,1934,,,
autores fallecidos en 1934 (México),Venezuela,México,Literaria y/o artística,no,no,1934,,,
autores fallecidos en 1934 (México),Alemania,México,Literaria y/o artística,no,no,1934,,,
autores fallecidos en 1934 (México),Nicaragua,México,Literaria y/o artística,no,no,1934,,,
autores fallecidos en 1934 (México),Bolivia,México,Literaria y/o artística,no,no,1934,,,
autores fallecidos en 1934 (México),El Salvador,México,Literaria y/o artística,no,no,1934,,,
autores fallecidos en 1934 (México),Costa Rica,México,Literaria y/o artística,no,no,1934,,,
autores fallecidos en 1934 (México),Paraguay,México,Literaria y/o artística,no,no,1934,,,
autores fallecidos en 1934 (México),Estados Unidos,México,Literaria y/o artística,no,no,1934,,,
autores fallecidos en 1919 (Perú),España,Perú,Literaria y/o artística,no,no,1919,,,
autores fallecidos en 1919 (Perú),México,Perú,Literaria y/o artística,no,no,1919,,,
autores fallecidos en 1919 (Perú),Argentina,Perú,Literaria y/o artística,no,no,1919,,,
autores fallecidos en 1919 (Perú),Chile,Perú,Literaria y/o artística,no,no,1919,,,
autores fallecidos en 1919 (Perú),Colombia,Perú,Literaria y/o artística,no,no,1919,,,
autores fallecidos en 1919 (Perú),Perú,Perú,Literaria y/o artística,no,no,1919,,,
autores fallecidos en 1919 (Perú),Uruguay,Perú,Literaria y/o artística,no,no,1919,,,
autores fallecidos en 1919 (Perú),Ecuador,Perú,Literaria y/o artística,no,no,1919,,,
autores fallecidos en 1919 (Perú),Cuba,Perú,Literaria y/o artística,no,no,1919,,,
autores fallecidos en 1919 (Perú),Venezuela,Perú,Literaria y/o artística,no,no,1919,,,
autores fallecidos en 1919 (Perú),Alemania,Perú,Literaria y/o artística,no,no,1919,,,
autores fallecidos en 1919 (Perú),Nicaragua,Perú,Literaria y/o artística,no,no,1919,,,
autores fallecidos en 1919 (Perú),Bolivia,Perú,Literaria y/o artística,no,no,1919,,,
autores fallecidos en 1919 (Perú),El Salvador,Perú,Literaria y/o artística,no,no,1919,,,
autores fallecidos en 1919 (Perú),Costa Rica,Perú,Literaria y/o artística,no,no,1919,,,
autores fallecidos en 1919 (Perú),Paraguay,Perú,Literaria y/o artística,no,no,1919,,,
autores fallecidos en 1919 (Perú),Estados Unidos,Perú,Literaria y/o artística,no,no,1919,,,
autores fallecidos en 1938 (Perú),España,Perú,Literaria y/o artística,no,no,1938,,,
autores fallecidos en 1938 (Perú),México,Perú,Literaria y/o artística,no,no,1938,,,
autores fallecidos en 1938 (Perú),Argentina,Perú,Literaria y/o artística,no,no,1938,,,
autores fallecidos en 1938 (Perú),Chile,Perú,Literaria y/o artística,no,no,1938,,,
autores fallecidos en 1938 (Perú),Colombia,Perú,Literaria y/o artística,no,no,1938,,,
autores fallecidos en 1938 (Perú),Perú,Perú,Literaria y/o artística,no,no,1938,,,
autores fallecidos en 1938 (Perú),Uruguay,Perú,Literaria y/o artística,no,no,1938,,,
autores fallecidos en 1938 (Perú),Ecuador,Perú,Literaria y/o artística,no,no,1938,,,
autores fallecidos en 1938 (Perú),Cuba,Perú,Literaria y/o artística,no,no,1938,,,
autores fallecidos en 1938 (Perú),Venezuela,Perú,Literaria y/o artística,no,no,1938,,,
autores fallecidos en 1938 (Perú),Alemania,Perú,Literaria y/o artística,no,no,1938,,,
autores fallecidos en 1938 (Perú),Nicaragua,Perú,Literaria y/o artística,no,no,1938,,,
autores fallecidos en 1938 (Perú),Bolivia,Perú,Literaria y/o artística,no,no,1938,,,
autores fallecidos en 1938 (Perú),El Salvador,Perú,Literaria y/o artística,no,no,1938,,,
autores fallecidos en 1938 (Perú),Costa Rica,Perú,Literaria y/o artística,no,no,1938,,,
autores fallecidos en 1938 (Perú),Paraguay,Perú,Literaria y/o artística,no,no,1938,,,
autores fallecidos en 1938 (Perú),Estados Unidos,Perú,Literaria y/o artística,no,no,1938,,,
autores fallecidos en 1914 (Uruguay),España,Uruguay,Literaria y/o artística,no,no,1914,,,
autores fallecidos en 1914 (Uruguay),México,Uruguay,Literaria y/o artística,no,no,1914,,,
autores fallecidos en 1914 (Uruguay),Argentina,Uruguay,Literaria y/o artística,no,no,1914,,,
autores fallecidos en 1914 (Uruguay),Chile,Uruguay,Literaria y/o artística,no,no,1914,,,
autores fallecidos en 1914 (Uruguay),Colombia,Uruguay,Literaria y/o artística,no,no,1914,,,
autores fallecidos en 1914 (Uruguay),Perú,Uruguay,Literaria y/o artística,no,no,1914,,,
autores fallecidos en 1914 (Uruguay),Uruguay,Uruguay,Literaria y/o artística,no,no,1914,,,
autores fallecidos en 1914 (Uruguay),Ecuador,Uruguay,Literaria y/o artística,no,no,1914,,,
autores fallecidos en 1914 (Uruguay),Cuba,Uruguay,Literaria y/o artística,no,no,1914,,,
autores fallecidos en 1914 (Uruguay),Venezuela,Uruguay,Literaria y/o artística,no,no,1914,,,
autores fallecidos en 1914 (Uruguay),Alemania,Uruguay,Literaria y/o artística,no,no,1914,,,
autores fallecidos en 1914 (Uruguay),Nicaragua,Uruguay,Literaria y/o artística,no,no,1914,,,
autores fallecidos en 1914 (Uruguay),Bolivia,Uruguay,Literaria y/o artística,no,no,1914,,,
autores fallecidos en 1914 (Uruguay),El Salvador,Uruguay,Literaria y/o artística,no,no,1914,,,
autores fallecidos en 1914 (Uruguay),Costa Rica,Uruguay,Literaria y/o artística,no,no,1914,,,
autores fallecidos en 1914 (Uruguay),Paraguay,Uruguay,Literaria y/o artística,no,no,1914,,,
autores fallecidos en 1914 (Uruguay),Estados Unidos,Uruguay,Literaria y/o artística,no,no,1914,,,
autores fallecidos en 1926 (Uruguay),España,Uruguay,Literaria y/o artística,no,no,1926,,,
autores fallecidos en 1926 (Uruguay),México,Uruguay,Literaria y/o artística,no,no,1926,,,
autores fallecidos en 1926 (Uruguay),Argentina,Uruguay,Literaria y/o artística,no,no,1926,,,
autores fallecidos en 1926 (Uruguay),Chile,Uruguay,Literaria y/o artística,no,no,1926,,,
autores fallecidos en 1926 (Uruguay),Colombia,Uruguay,Literaria y/o artística,no,no,1926,,,
autores fallecidos en 1926 (Uruguay),Perú,Uruguay,Literaria y/o artística,no,no,1926,,,
autores fallecidos en 1926 (Uruguay),Uruguay,Uruguay,Literaria y/o artística,no,no,1926,,,
autores fallecidos en 1926 (Uruguay),Ecuador,Uruguay,Literaria y/o artística,no,no,1926,,,
autores fallecidos en 1926 (Uruguay),Cuba,Uruguay,Literaria y/o artística,no,no,1926,,,
autores fallecidos en 1926 (Uruguay),Venezuela,Uruguay,Literaria y/o artística,no,no,1926,,,
autores fallecidos en 1926 (Uruguay),Alemania,Uruguay,Literaria y/o artística,no,no,1926,,,
autores fallecidos en 1926 (Uruguay),Nicaragua,Uruguay,Literaria y/o artística,no,no,1926,,,
autores fallecidos en 1926 (Uruguay),Bolivia,Uruguay,Literaria y/o artística,no,no,1926,,,
autores fallecidos en 1926 (Uruguay),El Salvador,Uruguay,Literaria y/o artística,no,no,1926,,,
autores fallecidos en 1926 (Uruguay),Costa Rica,Uruguay,Literaria y/o artística,no,no,1926,,,
autores fallecidos en 1926 (Uruguay),Paraguay,Uruguay,Literaria y/o artística,no,no,1926,,,
autores fallecidos en 1926 (Uruguay),Estados Unidos,Uruguay,Literaria y/o artística,no,no,1926,,,
autores fallecidos en 1930 (Uruguay),España,Uruguay,Literaria y/o artística,no,no,1930,,,
autores fallecidos en 1930 (Uruguay),México,Uruguay,Literaria y/o artística,no,no,1930,,,
autores fallecidos en 1930 (Uruguay),Argentina,Uruguay,Literaria y/o artística,no,no,1930,,,
autores fallecidos en 1930 (Uruguay),Chile,Uruguay,Literaria y/o artística,no,no,1930,,,
autores fallecidos en 1930 (Uruguay),Colombia,Uruguay,Literaria y/o artística,no,no,1930,,,
autores fallecidos en 1930 (Uruguay),Perú,Uruguay,Literaria y/o artística,no,no,1930,,,
autores fallecidos en 1930 (Uruguay),Uruguay,Uruguay,Literaria y/o artística,no,no,1930,,,
autores fallecidos en 1930 (Uruguay),Ecuador,Uruguay,Literaria y/o artística,no,no,1930,,,
autores fallecidos en 1930 (Uruguay),Cuba,Uruguay,Literaria y/o artística,no,no,1930,,,
autores fallecidos en 1930 (Uruguay),Venezuela,Uruguay,Literaria y/o artística,no,no,1930,,,
autores fallecidos en 1930 (Uruguay),Alemania,Uruguay,Literaria y/o artística,no,no,1930,,,
autores fallecidos en 1930 (Uruguay),Nicaragua,Uruguay,Literaria y/o artística,no,no,1930,,,
autores fallecidos en 1930 (Uruguay),Bolivia,Uruguay,Literaria y/o artística,no,no,1930,,,
autores fallecidos en 1930 (Uruguay),El Salvador,Uruguay,Literaria y/o artística,no,no,1930,,,
autores fallecidos en 1930 (Uruguay),Costa Rica,Uruguay,Literaria y/o artística,no,no,1930,,,
autores fallecidos en 1930 (Uruguay),Paraguay,Uruguay,Literaria y/o artística,no,no,1930,,,
autores fallecidos en 1930 (Uruguay),Estados Unidos,Uruguay,Literaria y/o artística,no,no,1930,,,
autores fallecidos en 1937 (Uruguay),España,Uruguay,Literaria y/o artística,no,no,1937,,,
autores fallecidos en 1937 (Uruguay),México,Uruguay,Literaria y/o artística,no,no,1937,,,
autores fallecidos en 1937 (Uruguay),Argentina,Uruguay,Literaria y/o artística,no,no,1937,,,
autores fallecidos en 1937 (Uruguay),Chile,Uruguay,Literaria y/o artística,no,no,1937,,,
autores fallecidos en 1937 (Uruguay),Colombia,Uruguay,Literaria y/o artística,no,no,1937,,,
autores fallecidos en 1937 (Uruguay),Perú,Uruguay,Literaria y/o artística,no,no,1937,,,
autores fallecidos en 1937 (Uruguay),Uruguay,Uruguay,Literaria y/o artística,no,no,1937,,,
autores fallecidos en 1937 (Uruguay),Ecuador,Uruguay,Literaria y/o artística,no,no,1937,,,
autores fallecidos en 1937 (Uruguay),Cuba,Uruguay,Literaria y/o artística,no,no,1937,,,
autores fallecidos en 1937 (Uruguay),Venezuela,Uruguay,Literaria y/o artística,no,no,1937,,,
autores fallecidos en 1937 (Uruguay),Alemania,Uruguay,Literaria y/o artística,no,no,1937,,,
autores fallecidos en 1937 (Uruguay),Nicaragua,Uruguay,Literaria y/o artística,no,no,1937,,,
autores fallecidos en 1937 (Uruguay),Bolivia,Uruguay,Literaria y/o artística,no,no,1937,,,
autores fallecidos en 1937 (Uruguay),El Salvador,Uruguay,Literaria y/o artística,no,no,1937,,,
autores fallecidos en 1937 (Uruguay),Costa Rica,Uruguay,Literaria y/o artística,no,no,1937,,,
autores fallecidos en 1937 (Uruguay),Paraguay,Uruguay,Literaria y/o artística,no,no,1937,,,
autores fallecidos en 1937 (Uruguay),Estados Unidos,Uruguay,Literaria y/o artística,no,no,1937,,,
autores fallecidos en 1936 (Venezuela),España,Venezuela,Literaria y/o artística,no,no,1936,,,
autores fallecidos en 1936 (Venezuela),México,Venezuela,Literaria y/o artística,no,no,1936,,,
autores fallecidos en 1936 (Venezuela),Argentina,Venezuela,Literaria y/o artística,no,no,1936,,,
autores fallecidos en 1936 (Venezuela),Chile,Venezuela,Literaria y/o artística,no,no,1936,,,
autores fallecidos en 1936 (Venezuela),Colombia,Venezuela,Literaria y/o artística,no,no,1936,,,
autores fallecidos en 1936 (Venezuela),Perú,Venezuela,Literaria y/o artística,no,no,1936,,,
autores fallecidos en 1936 (Venezuela),Uruguay,Venezuela,Literaria y/o artística,no,no,1936,,,
autores fallecidos en 1936 (Venezuela),Ecuador,Venezuela,Literaria y/o artística,no,no,1936,,,
autores fallecidos en 1936 (Venezuela),Cuba,Venezuela,Literaria y/o artística,no,no,1936,,,
autores fallecidos en 1936 (Venezuela),Venezuela,Venezuela,Literaria y/o artística,no,no,1936,,,
autores fallecidos en 1936 (Venezuela),Alemania,Venezuela,Literaria y/o artística,no,no,1936,,,
autores fallecidos en 1936 (Venezuela),Nicaragua,Venezuela,Literaria y/o artística,no,no,1936,,,
autores fallecidos en 1936 (Venezuela),Bolivia,Venezuela,Literaria y/o artística,no,no,1936,,,
autores fallecidos en 1936 (Venezuela),El Salvador,Venezuela,Literaria y/o artística,no,no,1936,,,
autores fallecidos en 1936 (Venezuela),Costa Rica,Venezuela,Literaria y/o artística,no,no,1936,,,
autores fallecidos en 1936 (Venezuela),Paraguay,Venezuela,Literaria y/o artística,no,no,1936,,,
autores fallecidos en 1936 (Venezuela),Estados Unidos,Venezuela,Literaria y/o artística,no,no,1936,,,
